"Impact_year","Cost_ID","Phylum","Genus","Species","Environment","Island","Official_country","Spatial_scale","Probable_starting_year_adjusted","Probable_ending_year_adjusted","Cost_estimate_per_year_2017_USD_exchange_rate","Implementation","Acquisition_method","Impacted_sector","Type_of_cost_merged","Method_reliability","Group","iso2","log_Cost","years_since_invasion"
2004,"1","Chordata","Vulpes","Vulpes vulpes","Terrestrial",0,"Australia","Country",2004,2004,16701772.13,"Observed","Report/Estimation","Agriculture","Damage","High","Vertebrates","AU",16.631025387326,134
2004,"2","Chordata","Vulpes","Vulpes vulpes","Terrestrial",0,"Australia","Country",2004,2004,181333525.96,"Observed","Report/Estimation","Environment","Damage","High","Vertebrates","AU",19.015848578431,134
2004,"11","Chordata","Oryctolagus","Oryctolagus cuniculus","Terrestrial",0,"Australia","Country",2004,2004,21855461.81,"Observed","Report/Estimation","Agriculture","Damage","High","Vertebrates","AU",16.89996141669,216
2004,"17","Chordata","Oryctolagus","Oryctolagus cuniculus","Terrestrial",0,"Australia","Country",2004,2004,84091036.7,"Observed","Report/Estimation","Agriculture","Damage","High","Vertebrates","AU",18.2474105401907,216
2004,"24","Chordata","Canis","Canis lupus","Terrestrial",0,"Australia","Country",2004,2004,46096891.07,"Observed","Report/Estimation","Agriculture","Damage","High","Vertebrates","AU",17.6462560668641,194
2004,"25","Chordata","Mus","Mus musculus","Terrestrial",0,"Australia","Country",2004,2004,22055883.08,"Observed","Report/Estimation","Agriculture","Damage","High","Vertebrates","AU",16.9090899306198,221
2004,"30","Chordata","Capra","Capra hircus","Terrestrial",0,"Australia","Country",2004,2004,4037056.92,"Observed","Report/Estimation","Agriculture","Damage","High","Vertebrates","AU",15.2110264993146,216
1996,"33","Chordata","Capra","Capra hircus","Terrestrial",0,"Australia","Country",1996,1996,21768528.87,"Observed","Report/Estimation","Agriculture","Damage","High","Vertebrates","AU",16.8959758549053,208
2004,"37","Chordata","Camelus","Camelus dromedarius","Terrestrial",0,"Australia","Country",2004,2004,200421.27,"Observed","Report/Estimation","Agriculture","Damage","High","Vertebrates","AU",12.2081767802852,135
1998,"38","Chordata","Rattus","Rattus rattus","Terrestrial",0,"Australia","Country",1998,1998,2833956.81,"Observed","Extrapolation","Agriculture","Damage","High","Vertebrates","AU",14.8571844591731,215
2009,"284","Chordata","Oryctolagus","Oryctolagus cuniculus","Terrestrial",0,"Australia","Country",2009,2009,183574403.67,"Observed","Report/Estimation","Agriculture","Damage","High","Vertebrates","AU",19.0281306128696,221
2009,"285","Chordata","Vulpes","Vulpes vulpes","Terrestrial",0,"Australia","Country",2009,2009,18846651.32,"Observed","Report/Estimation","Agriculture","Damage","High","Vertebrates","AU",16.7518458072705,139
2009,"286","Chordata","Sus","Sus scrofa","Terrestrial",0,"Australia","Country",2009,2009,8189159.6,"Observed","Report/Estimation","Agriculture","Damage","High","Vertebrates","AU",15.9183218376216,239
1995,"324","Chordata","Sus","Sus scrofa","Terrestrial",0,"Australia","Country",1995,1995,119238945.81,"Observed","Report/Estimation","Agriculture","Damage","High","Vertebrates","AU",18.596639985826,225
2011,"384","Chordata","Sciurus","Sciurus carolinensis","Terrestrial",1,"United Kingdom","Country",2011,2011,17269285.1,"Observed","Report/Estimation","Forestry","Damage","High","Vertebrates","GB",16.6644400537825,275
2014,"439","Chordata","Oryctolagus","Oryctolagus cuniculus","Terrestrial",0,"Australia","Country",2014,2014,164467855.11,"Observed","Report/Estimation","Agriculture","Damage","High","Vertebrates","AU",18.9182256994091,226
2014,"440","Chordata","Capra","Capra hircus","Terrestrial",0,"Australia","Country",2014,2014,5155041.94,"Observed","Report/Estimation","Agriculture","Damage","High","Vertebrates","AU",15.4554858111906,226
2014,"441","Chordata","Sus","Sus scrofa","Terrestrial",0,"Australia","Country",2014,2014,10932636.82,"Observed","Report/Estimation","Agriculture","Damage","High","Vertebrates","AU",16.2072630771692,244
2014,"442","Chordata","Vulpes","Vulpes vulpes","Terrestrial",0,"Australia","Country",2014,2014,21888049.96,"Observed","Report/Estimation","Agriculture","Damage","High","Vertebrates","AU",16.9014513819311,144
2014,"443","Chordata","Canis","Canis lupus","Terrestrial",0,"Australia","Country",2014,2014,67820308.81,"Observed","Report/Estimation","Agriculture","Damage","High","Vertebrates","AU",18.032372248028,204
2004,"459","Chordata","Sus","Sus scrofa","Terrestrial",0,"Australia","Country",2004,2004,95438697.87,"Observed","Report/Estimation","Agriculture","Damage","High","Vertebrates","AU",18.37399469222,234
1994,"491","Chordata","Oryctolagus","Oryctolagus cuniculus","Terrestrial",0,"Australia","Country",1994,1994,163223742.4,"Observed","Report/Estimation","Agriculture","Damage","High","Vertebrates","AU",18.9106324703052,206
2010,"565","Chordata","Oryctolagus","Oryctolagus cuniculus","Terrestrial",1,"United Kingdom","Country",2010,2010,318342251.33,"Observed","Report/Estimation","Agriculture","Damage","High","Vertebrates","GB",19.5786376240337,875
2010,"570","Chordata","Oryctolagus","Oryctolagus cuniculus","Terrestrial",1,"United Kingdom","Country",2010,2010,107720179.84,"Observed","Report/Estimation","Forestry","Damage","High","Vertebrates","GB",18.4950474954198,875
2010,"576","Chordata","Sciurus","Sciurus carolinensis","Terrestrial",1,"United Kingdom","Country",2010,2010,1189464.09,"Observed","Report/Estimation","Forestry","Damage","High","Vertebrates","GB",13.9890134191143,274
1979,"611","Chordata","Canis","Canis lupus","Terrestrial",0,"United States","Country",1979,1979,607943851.19,"Observed","Report/Estimation","Health","Damage","High","Vertebrates","US",20.2255930856495,147
2003,"617","Chordata","Ondatra","Ondatra zibethicus","Terrestrial",0,"Germany","Country",2003,2003,6917766.61,"Observed","Report/Estimation","Health","Damage","High","Vertebrates","DE",15.7496035312811,89
2003,"690","Chordata","Oryctolagus","Oryctolagus cuniculus","Terrestrial",0,"Australia","Country",2003,2003,518500996.35,"Observed","Report/Estimation","Agriculture","Damage","High","Vertebrates","AU",20.0664525072328,215
2006,"721","Mollusca","Arion","Arion lusitanicus","Terrestrial",0,"Sweden","Country",2006,2006,43290977.2,"Observed","Report/Estimation","Public and Social Welfare","Damage","High","Invertebrates","SE",17.583454792506,16
1994,"728","Arthropoda","Halotydeus","Halotydeus destructor","Terrestrial",0,"Australia","Country",1994,1994,241812951.7,"Observed","Report/Estimation","Agriculture","Damage","High","Invertebrates","AU",19.3036750583995,65
1968,"851","Chordata","Passer","Passer domesticus","Terrestrial",1,"New Zealand","Country",1968,1968,201525.26,"Observed","Report/Estimation","Agriculture","Damage","High","Vertebrates","NZ",12.2136700123135,118
2006,"867","Chordata","Sturnus","Sturnus vulgaris","Terrestrial",0,"United States","Country",2006,2006,1823881.82,"Observed","Report/Estimation","Agriculture","Damage","High","Vertebrates","US",14.4164776558507,206
2010,"872","Chordata","Cygnus","Cygnus olor","Semi-aquatic",1,"United Kingdom","Country",2010,2010,43972.52,"Observed","Report/Estimation","Agriculture","Damage","High","Vertebrates","GB",10.6913201723361,210
1978,"884","Chordata","Phasianus","Phasianus colchicus","Terrestrial",0,"Germany","Country",1978,1978,4676808.46,"Observed","Report/Estimation","Agriculture","Damage","High","Vertebrates","DE",15.3581264822667,928
2007,"1118","Arthropoda","Leptinotarsa","Leptinotarsa decemlineata","Terrestrial",0,"China","Country",2007,2007,1300000,"Observed","Report/Estimation","Agriculture","Damage","High","Invertebrates","CN",14.0778748224318,14
2003,"1141","Arthropoda","Scirtothrips","Scirtothrips perseae","Terrestrial",0,"United States","Country",2003,2003,8634427.54,"Observed","Extrapolation","Agriculture","Damage","High","Invertebrates","US",15.9712679720555,8
1998,"1176","Arthropoda","Anthonomus","Anthonomus grandis","Terrestrial",0,"United States","Country",1998,1998,338337955.63,"Observed","Report/Estimation","Agriculture","Damage","High","Invertebrates","US",19.6395558226393,110
2007,"1207","Arthropoda","Culicoides","Culicoides imicola","Terrestrial",0,"Netherlands","Country",2007,2007,163340626.96,"Observed","Report/Estimation","Agriculture","Damage","High","Invertebrates","NL",18.911348314261,0
2002,"1241","Arthropoda","Adelges","Adelges piceae","Terrestrial",0,"Canada","Country",2002,2002,1092204354.55,"Observed","Extrapolation","Forestry","Damage","High","Invertebrates","CA",20.8114638346273,92
2002,"1247","Arthropoda","Anoplophora","Anoplophora glabripennis","Terrestrial",0,"Canada","Country",2002,2002,317588044.47,"Observed","Extrapolation","Forestry","Damage","High","Invertebrates","CA",19.5762656432723,0
2002,"1257","Arthropoda","Ceutorhynchus","Ceutorhynchus obstrictus","Terrestrial",0,"Canada","Country",2002,2002,260505807.25,"Observed","Extrapolation","Forestry","Damage","High","Invertebrates","CA",19.3781357116156,4
2010,"1266","Arthropoda","Elatobium","Elatobium abietinum","Terrestrial",1,"United Kingdom","Country",2010,2010,6199723.03,"Observed","Report/Estimation","Forestry","Damage","High","Invertebrates","GB",15.6400151764368,89
2003,"1268","Arthropoda","Ephestia","Ephestia kuehniella","Terrestrial",0,"Germany","Country",2003,2003,1173012.6,"Observed","Report/Estimation","Agriculture","Damage","High","Invertebrates","DE",13.9750858692659,124
2013,"1335","Arthropoda","Drosophila","Drosophila suzukii","Terrestrial",0,"United States","Country",2013,2013,28997031.21,"Observed","Report/Estimation","Agriculture","Damage","High","Invertebrates","US",17.1827040106414,33
2010,"1337","Arthropoda","Apis","Apis mellifera","Terrestrial",0,"United States","Country",2010,2010,48899027.43,"Observed","Report/Estimation","Agriculture","Damage","High","Invertebrates","US",17.7052680652903,190
2004,"1442","Arthropoda","Lymantria","Lymantria dispar","Terrestrial",1,"New Zealand","Country",2004,2004,249880869.89,"Observed","Report/Estimation","Forestry","Damage","High","Invertebrates","NZ",19.3364948418146,1
2004,"1535","Arthropoda","Ceratitis","Ceratitis capitata","Terrestrial",0,"Argentina","Country",2004,2004,116795707.23,"Observed","Report/Estimation","Agriculture","Damage","High","Invertebrates","AR",18.5759368745152,11
1991,"1552","Arthropoda","Listronotus","Listronotus bonariensis","Terrestrial",1,"New Zealand","Country",1991,1991,155217710.27,"Observed","Report/Estimation","Agriculture","Damage","High","Invertebrates","NZ",18.8603392717675,75
1991,"1553","Arthropoda","Listronotus","Listronotus bonariensis","Terrestrial",1,"New Zealand","Country",1991,1991,15573683.3,"Observed","Report/Estimation","Health","Damage","High","Invertebrates","NZ",16.5610930797383,75
2003,"1627","Arthropoda","Maconellicoccus","Maconellicoccus hirsutus","Terrestrial",1,"Grenada","Country",2003,2003,24384262.97,"Observed","Report/Estimation","Agriculture","Damage","High","Invertebrates","GD",17.0094485219412,9
2011,"1723","Mollusca","Corbicula","Corbicula fluminea","Aquatic",0,"Portugal","Country",2011,2011,297761.23,"Observed","Report/Estimation","Public and Social Welfare","Damage","High","Invertebrates","PT",12.6040472027112,27
1998,"2177","Tracheophyta","Acacia","Acacia mearnsii","Terrestrial",0,"South Africa","Country",1998,1998,1503724.25,"Observed","Report/Estimation","Environment","Damage","High","Plants","ZA",14.2234554222674,140
2011,"2399","Arthropoda","Aedes","Aedes aegypti","Terrestrial",1,"Indonesia","Country",2011,2011,3236453.54,"Observed","Report/Estimation","Public and Social Welfare","Damage","High","Invertebrates","ID",14.9899887018515,109
2011,"2402","Arthropoda","Aedes","Aedes aegypti","Terrestrial",0,"Viet Nam","Country",2011,2011,2615315.99,"Observed","Report/Estimation","Public and Social Welfare","Damage","High","Invertebrates","VN",14.776895485657,45
2011,"2403","Arthropoda","Aedes","Aedes aegypti","Terrestrial",0,"Peru","Country",2011,2011,1716301.12,"Observed","Report/Estimation","Public and Social Welfare","Damage","High","Invertebrates","PE",14.3556820214911,21
1981,"2414","Arthropoda","Aedes","Aedes aegypti","Terrestrial",1,"Cuba","Country",1981,1981,51221029.24,"Observed","Report/Estimation","Public and Social Welfare","Damage","High","Invertebrates","CU",17.7516607330281,0
2017,"NE2976","Arthropoda","Euwallacea","Euwallacea sp.","Terrestrial",0,"Mexico","Country",2017,2017,201405563.98,"Observed","Report/Estimation","Agriculture","Damage","High","Invertebrates","MX",19.1208311643815,21
2016,"NE3000","Chordata","Sus","Sus scrofa","Terrestrial",0,"Chile","Country",2016,2016,14849522.93,"Observed","Report/Estimation","Agriculture","Damage","High","Vertebrates","CL",16.513478296771,442
2016,"NE3002","Chordata","Sus","Sus scrofa","Terrestrial",0,"Chile","Country",2016,2016,17001204.17,"Observed","Report/Estimation","Environment","Damage","High","Vertebrates","CL",16.6487947330413,442
2016,"NE3003","Chordata","Sus","Sus scrofa","Terrestrial",0,"Chile","Country",2016,2016,1937391.85,"Observed","Report/Estimation","Environment","Damage","High","Vertebrates","CL",14.4768532192968,442
2016,"NE3004","Chordata","Sus","Sus scrofa","Terrestrial",0,"Chile","Country",2016,2016,3489671.47,"Observed","Report/Estimation","Environment","Damage","High","Vertebrates","CL",15.0653181550772,442
2016,"NE3007","Chordata","Neovison","Neovison vison","Terrestrial",0,"Chile","Country",2016,2016,8308743.01,"Observed","Report/Estimation","Environment","Damage","High","Vertebrates","CL",15.9328188930558,77
2016,"NE3008","Chordata","Neovison","Neovison vison","Terrestrial",0,"Chile","Country",2016,2016,9729547.49,"Observed","Report/Estimation","Environment","Damage","High","Vertebrates","CL",16.0906779464003,77
2016,"NE3011","Arthropoda","Vespula","Vespula germanica","Terrestrial",0,"Chile","Country",2016,2016,3268105.31,"Observed","Report/Estimation","Environment","Damage","High","Invertebrates","CL",14.999720959045,66
2016,"NE3012","Arthropoda","Vespula","Vespula germanica","Terrestrial",0,"Chile","Country",2016,2016,4837033.16,"Observed","Report/Estimation","Environment","Damage","High","Invertebrates","CL",15.3918121072706,66
2016,"NE3013","Arthropoda","Vespula","Vespula germanica","Terrestrial",0,"Chile","Country",2016,2016,8877014.35,"Observed","Report/Estimation","Environment","Damage","High","Invertebrates","CL",15.9989758365863,66
2016,"NE3014","Arthropoda","Vespula","Vespula germanica","Terrestrial",0,"Chile","Country",2016,2016,4999742.77,"Observed","Report/Estimation","Environment","Damage","High","Invertebrates","CL",15.424897023075,66
2016,"NE3022","Tracheophyta","Ulex","Ulex europaeus","Terrestrial",0,"Chile","Country",2016,2016,341394.4,"Observed","Report/Estimation","Forestry","Damage","High","Plants","CL",12.7407936861617,169
2009,"NE3141","Tracheophyta","Elaeis","Elaeis guineensis","Terrestrial",0,"Colombia","Country",2009,2009,14506312.63,"Observed","Report/Estimation","Agriculture","Damage","High","Plants","CO",16.4900944664449,165
2009,"NE3142","Tracheophyta","Elaeis","Elaeis guineensis","Terrestrial",0,"Colombia","Country",2009,2009,1259501.82,"Observed","Report/Estimation","Agriculture","Damage","High","Plants","CO",14.0462268197916,165
2009,"NE3143","Tracheophyta","Elaeis","Elaeis guineensis","Terrestrial",0,"Colombia","Country",2009,2009,288621542.6,"Observed","Report/Estimation","Agriculture","Damage","High","Plants","CO",19.4806268467019,165
2009,"NE3144","Tracheophyta","Elaeis","Elaeis guineensis","Terrestrial",0,"Colombia","Country",2009,2009,1735182.69,"Observed","Report/Estimation","Agriculture","Damage","High","Plants","CO",14.3666232626497,165
2009,"NE3145","Tracheophyta","Elaeis","Elaeis guineensis","Terrestrial",0,"Colombia","Country",2009,2009,30013650.69,"Observed","Report/Estimation","Agriculture","Damage","High","Plants","CO",17.2171628591349,165
2009,"NE3146","Tracheophyta","Elaeis","Elaeis guineensis","Terrestrial",0,"Colombia","Country",2009,2009,48034634.69,"Observed","Report/Estimation","Agriculture","Damage","High","Plants","CO",17.6874328647174,165
2009,"NE3147","Tracheophyta","Elaeis","Elaeis guineensis","Terrestrial",0,"Colombia","Country",2009,2009,137897955.99,"Observed","Report/Estimation","Agriculture","Damage","High","Plants","CO",18.7420245202461,165
2009,"NE3148","Tracheophyta","Elaeis","Elaeis guineensis","Terrestrial",0,"Colombia","Country",2009,2009,37656428.05,"Observed","Report/Estimation","Agriculture","Damage","High","Plants","CO",17.4440142293769,165
2009,"NE3149","Tracheophyta","Elaeis","Elaeis guineensis","Terrestrial",0,"Colombia","Country",2009,2009,21645020.69,"Observed","Report/Estimation","Agriculture","Damage","High","Plants","CO",16.8902859947367,165
2009,"NE3150","Tracheophyta","Elaeis","Elaeis guineensis","Terrestrial",0,"Colombia","Country",2009,2009,10785722.26,"Observed","Report/Estimation","Agriculture","Damage","High","Plants","CO",16.1937338045014,165
2009,"NE3151","Tracheophyta","Elaeis","Elaeis guineensis","Terrestrial",0,"Colombia","Country",2009,2009,21143357.64,"Observed","Report/Estimation","Agriculture","Damage","High","Plants","CO",16.8668363545551,165
2009,"NE3152","Tracheophyta","Elaeis","Elaeis guineensis","Terrestrial",0,"Colombia","Country",2009,2009,85105995.54,"Observed","Report/Estimation","Agriculture","Damage","High","Plants","CO",18.2594080439409,165
2009,"NE3153","Tracheophyta","Elaeis","Elaeis guineensis","Terrestrial",0,"Colombia","Country",2009,2009,35176854.28,"Observed","Report/Estimation","Agriculture","Damage","High","Plants","CO",17.3758988754246,165
2009,"NE3154","Tracheophyta","Elaeis","Elaeis guineensis","Terrestrial",0,"Colombia","Country",2009,2009,497544132.67,"Observed","Report/Estimation","Agriculture","Damage","High","Plants","CO",20.0251948195129,165
2009,"NE3155","Tracheophyta","Elaeis","Elaeis guineensis","Terrestrial",0,"Colombia","Country",2009,2009,9412228.59,"Observed","Report/Estimation","Agriculture","Damage","High","Plants","CO",16.0575203156148,165
2009,"NE3156","Tracheophyta","Elaeis","Elaeis guineensis","Terrestrial",0,"Colombia","Country",2009,2009,16798794.68,"Observed","Report/Estimation","Agriculture","Damage","High","Plants","CO",16.6368176965616,165
2009,"NE3157","Tracheophyta","Elaeis","Elaeis guineensis","Terrestrial",0,"Colombia","Country",2009,2009,9187974.09,"Observed","Report/Estimation","Agriculture","Damage","High","Plants","CO",16.0334060228046,165
2009,"NE3158","Tracheophyta","Elaeis","Elaeis guineensis","Terrestrial",0,"Colombia","Country",2009,2009,89238921.95,"Observed","Report/Estimation","Agriculture","Damage","High","Plants","CO",18.3068278471105,165
2009,"NE3159","Tracheophyta","Pteridium","Pteridium aquilinum","Terrestrial",0,"Colombia","Country",2009,2009,3545605.84,"Observed","Report/Estimation","Agriculture","Damage","High","Plants","CO",15.0812196032056,69
2009,"NE3160","Tracheophyta","Pteridium","Pteridium aquilinum","Terrestrial",0,"Colombia","Country",2009,2009,4454781.51,"Observed","Report/Estimation","Agriculture","Damage","High","Plants","CO",15.3094885739133,69
2009,"NE3161","Tracheophyta","Pteridium","Pteridium aquilinum","Terrestrial",0,"Colombia","Country",2009,2009,67986007.6,"Observed","Report/Estimation","Agriculture","Damage","High","Plants","CO",18.0348124713785,69
2009,"NE3162","Tracheophyta","Pteridium","Pteridium aquilinum","Terrestrial",0,"Colombia","Country",2009,2009,2230949.18,"Observed","Report/Estimation","Agriculture","Damage","High","Plants","CO",14.6179376941324,69
2009,"NE3163","Tracheophyta","Pteridium","Pteridium aquilinum","Terrestrial",0,"Colombia","Country",2009,2009,11805954.35,"Observed","Report/Estimation","Agriculture","Damage","High","Plants","CO",16.2841145680973,69
2009,"NE3164","Tracheophyta","Pteridium","Pteridium aquilinum","Terrestrial",0,"Colombia","Country",2009,2009,121617470.39,"Observed","Report/Estimation","Agriculture","Damage","High","Plants","CO",18.616391188147,69
2009,"NE3165","Tracheophyta","Pteridium","Pteridium aquilinum","Terrestrial",0,"Colombia","Country",2009,2009,14611579.02,"Observed","Report/Estimation","Agriculture","Damage","High","Plants","CO",16.4973248559156,69
2009,"NE3166","Tracheophyta","Pteridium","Pteridium aquilinum","Terrestrial",0,"Colombia","Country",2009,2009,14171777.15,"Observed","Report/Estimation","Agriculture","Damage","High","Plants","CO",16.4667630201755,69
2009,"NE3167","Tracheophyta","Pteridium","Pteridium aquilinum","Terrestrial",0,"Colombia","Country",2009,2009,27778412.4,"Observed","Report/Estimation","Agriculture","Damage","High","Plants","CO",17.1397697446293,69
2009,"NE3168","Tracheophyta","Pteridium","Pteridium aquilinum","Terrestrial",0,"Colombia","Country",2009,2009,46499536.51,"Observed","Report/Estimation","Agriculture","Damage","High","Plants","CO",17.654952902981,69
2009,"NE3169","Tracheophyta","Pteridium","Pteridium aquilinum","Terrestrial",0,"Colombia","Country",2009,2009,19999617.69,"Observed","Report/Estimation","Agriculture","Damage","High","Plants","CO",16.8112237158356,69
2009,"NE3170","Tracheophyta","Pteridium","Pteridium aquilinum","Terrestrial",0,"Colombia","Country",2009,2009,123807693.45,"Observed","Report/Estimation","Agriculture","Damage","High","Plants","CO",18.6342400604681,69
2009,"NE3171","Tracheophyta","Pteridium","Pteridium aquilinum","Terrestrial",0,"Colombia","Country",2009,2009,200111426.83,"Observed","Report/Estimation","Agriculture","Damage","High","Plants","CO",19.1143849035207,69
2009,"NE3172","Tracheophyta","Pteridium","Pteridium aquilinum","Terrestrial",0,"Colombia","Country",2009,2009,2748052.52,"Observed","Report/Estimation","Agriculture","Damage","High","Plants","CO",14.8264030442233,69
2009,"NE3173","Tracheophyta","Pteridium","Pteridium aquilinum","Terrestrial",0,"Colombia","Country",2009,2009,2282984,"Observed","Report/Estimation","Agriculture","Damage","High","Plants","CO",14.640993917165,69
2009,"NE3174","Tracheophyta","Pteridium","Pteridium aquilinum","Terrestrial",0,"Colombia","Country",2009,2009,4842893.34,"Observed","Report/Estimation","Agriculture","Damage","High","Plants","CO",15.3930228976037,69
2009,"NE3175","Tracheophyta","Pteridium","Pteridium aquilinum","Terrestrial",0,"Colombia","Country",2009,2009,15129274.16,"Observed","Report/Estimation","Agriculture","Damage","High","Plants","CO",16.5321421110513,69
2009,"NE3176","Tracheophyta","Cenchrus","Cenchrus clandestinus","Terrestrial",0,"Colombia","Country",2009,2009,7483142.22,"Observed","Report/Estimation","Agriculture","Damage","High","Plants","CO",15.8281633446282,78
2009,"NE3177","Tracheophyta","Cenchrus","Cenchrus clandestinus","Terrestrial",0,"Colombia","Country",2009,2009,516585.28,"Observed","Report/Estimation","Agriculture","Damage","High","Plants","CO",13.1549956652387,78
2009,"NE3178","Tracheophyta","Cenchrus","Cenchrus clandestinus","Terrestrial",0,"Colombia","Country",2009,2009,133318156.8,"Observed","Report/Estimation","Agriculture","Damage","High","Plants","CO",18.7082489859257,78
2009,"NE3179","Tracheophyta","Cenchrus","Cenchrus clandestinus","Terrestrial",0,"Colombia","Country",2009,2009,3664728.39,"Observed","Report/Estimation","Agriculture","Damage","High","Plants","CO",15.1142647814162,78
2009,"NE3180","Tracheophyta","Cenchrus","Cenchrus clandestinus","Terrestrial",0,"Colombia","Country",2009,2009,11493380.83,"Observed","Report/Estimation","Agriculture","Damage","High","Plants","CO",16.2572818476237,78
2009,"NE3181","Tracheophyta","Cenchrus","Cenchrus clandestinus","Terrestrial",0,"Colombia","Country",2009,2009,25812234.71,"Observed","Report/Estimation","Agriculture","Damage","High","Plants","CO",17.066359151054,78
2009,"NE3182","Tracheophyta","Cenchrus","Cenchrus clandestinus","Terrestrial",0,"Colombia","Country",2009,2009,156598022.74,"Observed","Report/Estimation","Agriculture","Damage","High","Plants","CO",18.8691927152599,78
2009,"NE3183","Tracheophyta","Cenchrus","Cenchrus clandestinus","Terrestrial",0,"Colombia","Country",2009,2009,35852053.31,"Observed","Report/Estimation","Agriculture","Damage","High","Plants","CO",17.3949113984046,78
2009,"NE3184","Tracheophyta","Cenchrus","Cenchrus clandestinus","Terrestrial",0,"Colombia","Country",2009,2009,22497479.29,"Observed","Report/Estimation","Agriculture","Damage","High","Plants","CO",16.9289138293431,78
2009,"NE3185","Tracheophyta","Cenchrus","Cenchrus clandestinus","Terrestrial",0,"Colombia","Country",2009,2009,39151381.53,"Observed","Report/Estimation","Agriculture","Damage","High","Plants","CO",17.4829462679011,78
2009,"NE3186","Tracheophyta","Cenchrus","Cenchrus clandestinus","Terrestrial",0,"Colombia","Country",2009,2009,50958310.61,"Observed","Report/Estimation","Agriculture","Damage","High","Plants","CO",17.7465184173835,78
2009,"NE3187","Tracheophyta","Cenchrus","Cenchrus clandestinus","Terrestrial",0,"Colombia","Country",2009,2009,84984552.37,"Observed","Report/Estimation","Agriculture","Damage","High","Plants","CO",18.2579800611149,78
2009,"NE3188","Tracheophyta","Cenchrus","Cenchrus clandestinus","Terrestrial",0,"Colombia","Country",2009,2009,221562198.09,"Observed","Report/Estimation","Agriculture","Damage","High","Plants","CO",19.2162139120495,78
2009,"NE3189","Tracheophyta","Cenchrus","Cenchrus clandestinus","Terrestrial",0,"Colombia","Country",2009,2009,317176401.65,"Observed","Report/Estimation","Agriculture","Damage","High","Plants","CO",19.5749686491504,78
2009,"NE3190","Tracheophyta","Cenchrus","Cenchrus clandestinus","Terrestrial",0,"Colombia","Country",2009,2009,5350374.99,"Observed","Report/Estimation","Agriculture","Damage","High","Plants","CO",15.4926772080047,78
2009,"NE3191","Tracheophyta","Cenchrus","Cenchrus clandestinus","Terrestrial",0,"Colombia","Country",2009,2009,2282984,"Observed","Report/Estimation","Agriculture","Damage","High","Plants","CO",14.640993917165,78
2009,"NE3192","Tracheophyta","Cenchrus","Cenchrus clandestinus","Terrestrial",0,"Colombia","Country",2009,2009,5885555.93,"Observed","Report/Estimation","Agriculture","Damage","High","Plants","CO",15.5880117598054,78
2009,"NE3193","Tracheophyta","Cenchrus","Cenchrus clandestinus","Terrestrial",0,"Colombia","Country",2009,2009,68318781.42,"Observed","Report/Estimation","Agriculture","Damage","High","Plants","CO",18.0396952709272,78
2005,"NE3224","Arthropoda","Anastrepha","Anastrepha fraterculus","Terrestrial",0,"Argentina","Country",2005,2005,33932711.65,"Observed","Report/Estimation","Agriculture","Damage","High","Invertebrates","AR",17.3398900525178,71
2016,"NE3235","Arthropoda","Aedes","Aedes aegypti","Terrestrial",0,"Argentina","Country",2016,2016,1033320,"Observed","Report/Estimation","Health","Damage","High","Invertebrates","AR",13.8482874774782,182
2016,"NE3236","Arthropoda","Aedes","Aedes aegypti","Terrestrial",0,"Argentina","Country",2016,2016,4800178,"Observed","Report/Estimation","Health","Damage","High","Invertebrates","AR",15.3841635585239,182
2016,"NE3237","Arthropoda","Aedes","Aedes aegypti","Terrestrial",0,"Argentina","Country",2016,2016,3685500,"Observed","Report/Estimation","Health","Damage","High","Invertebrates","AR",15.1199167596115,182
2016,"NE3238","Arthropoda","Aedes","Aedes aegypti","Terrestrial",0,"Argentina","Country",2016,2016,212277,"Observed","Report/Estimation","Health","Damage","High","Invertebrates","AR",12.2656473045638,182
2016,"NE3239","Arthropoda","Aedes","Aedes aegypti","Terrestrial",0,"Argentina","Country",2016,2016,77260,"Observed","Report/Estimation","Health","Damage","High","Invertebrates","AR",11.2549316362203,182
2016,"NE3240","Arthropoda","Aedes","Aedes aegypti","Terrestrial",0,"Argentina","Country",2016,2016,56110,"Observed","Report/Estimation","Health","Damage","High","Invertebrates","AR",10.935069328745,182
2016,"NE3241","Arthropoda","Aedes","Aedes aegypti","Terrestrial",0,"Argentina","Country",2016,2016,12400,"Observed","Report/Estimation","Health","Damage","High","Invertebrates","AR",9.42545175159313,182
2016,"NE3255","Chordata","Sturnus","Sturnus vulgaris","Terrestrial",0,"Argentina","Country",2016,2016,134008341.76,"Observed","Report/Estimation","Agriculture","Damage","High","Vertebrates","AR",18.7134126079179,28
2016,"NE3258","Tracheophyta","Tamarix","Tamarix sp.","Terrestrial",0,"Argentina","Country",2016,2016,6847366.05,"Observed","Report/Estimation","Public and Social Welfare","Damage","High","Plants","AR",15.7393746180441,118
2016,"NE3261","Tracheophyta","Tamarix","Tamarix sp.","Terrestrial",0,"Argentina","Country",2016,2016,12827893.96,"Observed","Report/Estimation","Public and Social Welfare","Damage","High","Plants","AR",16.3671325734685,118
2017,"NE3262","Chordata","Sus","Sus scrofa","Terrestrial",0,"Argentina","Country",2017,2017,1143611284,"Observed","Report/Estimation","Authorities-Stakeholders","Damage","High","Vertebrates","AR",20.8574568854501,112
2017,"NE3263","Chordata","Sus","Sus scrofa","Terrestrial",0,"Argentina","Country",2017,2017,1149917365,"Observed","Report/Estimation","Authorities-Stakeholders","Damage","High","Vertebrates","AR",20.862955920218,112
2017,"NE4534","Arthropoda","Aedes","Aedes aegypti","Terrestrial",0,"Brazil","Country",2017,2017,109384525.98,"Observed","Report/Estimation","Health","Damage","High","Invertebrates","BR",18.5103799935238,184
2017,"NE4535","Arthropoda","Aedes","Aedes aegypti","Terrestrial",0,"Brazil","Country",2017,2017,126158445.85,"Observed","Report/Estimation","Health","Damage","High","Invertebrates","BR",18.6530491816624,184
2003,"NE4553","Tracheophyta","Prunus","Prunus serotina","Terrestrial",0,"Germany","Country",2003,2003,1803975.5,"Observed","Report/Estimation","Forestry","Damage","High","Plants","DE",14.4055033985812,172
2003,"NE4561","Tracheophyta","Ambrosia","Ambrosia artemisiifolia","Terrestrial",0,"Germany","Country",2003,2003,41362581.05,"Observed","Report/Estimation","Health","Damage","High","Plants","DE",17.5378871907145,170
2003,"NE4562","Ascomycota","Ophiostoma","Ophiostoma ulmi","Terrestrial",0,"Germany","Country",2003,2003,4123372.57,"Observed","Report/Estimation","Public and Social Welfare","Damage","High","Fungi/Microorganisms","DE",15.2321819714192,64
2003,"NE4563","Ascomycota","Ophiostoma","Ophiostoma ulmi","Terrestrial",0,"Germany","Country",2003,2003,2190541.68,"Observed","Report/Estimation","Public and Social Welfare","Damage","High","Fungi/Microorganisms","DE",14.5996594136743,64
2003,"NE4564","Ascomycota","Ophiostoma","Ophiostoma ulmi","Terrestrial",0,"Germany","Country",2003,2003,206168.63,"Observed","Report/Estimation","Public and Social Welfare","Damage","High","Fungi/Microorganisms","DE",12.2364497051408,64
2003,"NE4569","Tracheophyta","Heracleum","Heracleum mantegazzianum","Terrestrial",0,"Germany","Country",2003,2003,1352981.62,"Observed","Report/Estimation","Health","Damage","High","Plants","DE",14.1178213224339,72
2003,"NE4579","Tracheophyta","Fallopia","Fallopia sp.","Terrestrial",0,"Germany","Country",2003,2003,9019877.49,"Observed","Extrapolation","Authorities-Stakeholders","Damage","High","Plants","DE",16.0149413099067,0
2003,"NE4587","Chordata","Ondatra","Ondatra zibethicus","Semi-aquatic",0,"Germany","Country",2003,2003,2963674.03,"Observed","Report/Estimation","Authorities-Stakeholders","Damage","High","Vertebrates","DE",14.901940282967,89
2003,"NE4589","Chordata","Ondatra","Ondatra zibethicus","Semi-aquatic",0,"Germany","Country",2003,2003,2061686.28,"Observed","Extrapolation","Fishery","Damage","High","Vertebrates","DE",14.5390347884341,89
2013,"NE4862","Arthropoda","Nilaparvata","Nilaparvata lugens","Terrestrial",1,"Japan","Country",2013,2013,113203770.14,"Observed","Report/Estimation","Agriculture","Damage","High","Invertebrates","JP",18.5447000283024,73
2006,"NE5187","Arthropoda","Cydia","Cydia pomonella","Terrestrial",0,"China","Country",2006,2006,396490825.51,"Observed","Report/Estimation","Agriculture","Damage","High","Invertebrates","CN",19.798163460083,53
2010,"SC455","Ochrophyta","Sargassum","Sargassum muticum","Aquatic",1,"United Kingdom","Country",2010,2010,26054.19,"Observed","Report/Estimation","Authorities-Stakeholders","Damage","High","Fungi/Microorganisms","GB",10.1679338787772,39
2011,"SC731","Tracheophyta","Ambrosia","Ambrosia artemisiifolia","Terrestrial",0,"Albania","Country",2011,2011,151683.45,"Observed","Extrapolation","Health","Damage","High","Plants","AL",11.9295510624833,0
2011,"SC732","Tracheophyta","Ambrosia","Ambrosia artemisiifolia","Terrestrial",0,"Denmark","Country",2011,2011,151683.45,"Observed","Extrapolation","Health","Damage","High","Plants","DK",11.9295510624833,311
2011,"SC733","Tracheophyta","Ambrosia","Ambrosia artemisiifolia","Terrestrial",0,"Finland","Country",2011,2011,151683.45,"Observed","Extrapolation","Health","Damage","High","Plants","FI",11.9295510624833,89
2011,"SC734","Tracheophyta","Ambrosia","Ambrosia artemisiifolia","Terrestrial",0,"North Macedonia","Country",2011,2011,151683.45,"Observed","Extrapolation","Health","Damage","High","Plants","MK",11.9295510624833,0
2011,"SC735","Tracheophyta","Ambrosia","Ambrosia artemisiifolia","Terrestrial",0,"Norway","Country",2011,2011,151683.45,"Observed","Extrapolation","Health","Damage","High","Plants","NO",11.9295510624833,99
2011,"SC736","Tracheophyta","Ambrosia","Ambrosia artemisiifolia","Terrestrial",0,"Spain","Country",2011,2011,151683.45,"Observed","Extrapolation","Health","Damage","High","Plants","ES",11.9295510624833,95
2011,"SC737","Tracheophyta","Ambrosia","Ambrosia artemisiifolia","Terrestrial",0,"Türkiye","Country",2011,2011,151683.45,"Observed","Extrapolation","Health","Damage","High","Plants","TR",11.9295510624833,23
2010,"SC773","Arthropoda","Dendroctonus","Dendroctonus micans","Terrestrial",1,"United Kingdom","Country",2010,2010,227262.01,"Observed","Report/Estimation","Forestry","Damage","High","Invertebrates","GB",12.3338588599282,37
2011,"SC829","Tracheophyta","Ambrosia","Ambrosia artemisiifolia","Terrestrial",0,"Belarus","Country",2011,2011,303366.9,"Observed","Extrapolation","Health","Damage","High","Plants","BY",12.6226982430433,0
2011,"SC830","Tracheophyta","Ambrosia","Ambrosia artemisiifolia","Terrestrial",0,"Finland","Country",2011,2011,303366.9,"Observed","Extrapolation","Health","Damage","High","Plants","FI",12.6226982430433,89
2011,"SC831","Tracheophyta","Ambrosia","Ambrosia artemisiifolia","Terrestrial",0,"Greece","Country",2011,2011,303366.9,"Observed","Extrapolation","Health","Damage","High","Plants","GR",12.6226982430433,0
2010,"SC834","Arthropoda","Pacifastacus","Pacifastacus leniusculus","Aquatic",1,"United Kingdom","Country",2010,2010,347389.2,"Observed","Report/Estimation","Authorities-Stakeholders","Damage","High","Invertebrates","GB",12.758201044223,110
2011,"SC886","Tracheophyta","Ambrosia","Ambrosia artemisiifolia","Terrestrial",0,"Montenegro","Country",2011,2011,455050.35,"Observed","Extrapolation","Health","Damage","High","Plants","ME",13.0281633511515,28
2011,"SC927","Tracheophyta","Ambrosia","Ambrosia artemisiifolia","Terrestrial",0,"Spain","Country",2011,2011,606733.81,"Observed","Extrapolation","Health","Damage","High","Plants","ES",13.3158454400849,95
2011,"SC928","Tracheophyta","Ambrosia","Ambrosia artemisiifolia","Terrestrial",0,"Sweden","Country",2011,2011,606733.81,"Observed","Extrapolation","Health","Damage","High","Plants","SE",13.3158454400849,267
2011,"SC957","Tracheophyta","Ambrosia","Ambrosia artemisiifolia","Terrestrial",0,"Moldova, Republic of","Country",2011,2011,758417.26,"Observed","Extrapolation","Health","Damage","High","Plants","MD",13.5389889881028,44
2011,"SC993","Tracheophyta","Ambrosia","Ambrosia artemisiifolia","Terrestrial",0,"Bosnia and Herzegovina","Country",2011,2011,910100.71,"Observed","Extrapolation","Health","Damage","High","Plants","BA",13.7213105426992,0
2011,"SC994","Tracheophyta","Ambrosia","Ambrosia artemisiifolia","Terrestrial",0,"Greece","Country",2011,2011,910100.71,"Observed","Extrapolation","Health","Damage","High","Plants","GR",13.7213105426992,0
2011,"SC995","Tracheophyta","Ambrosia","Ambrosia artemisiifolia","Terrestrial",0,"Poland","Country",2011,2011,910100.71,"Observed","Extrapolation","Health","Damage","High","Plants","PL",13.7213105426992,138
2011,"SC996","Tracheophyta","Ambrosia","Ambrosia artemisiifolia","Terrestrial",0,"Türkiye","Country",2011,2011,910100.71,"Observed","Extrapolation","Health","Damage","High","Plants","TR",13.7213105426992,23
2011,"SC1020","Tracheophyta","Ambrosia","Ambrosia artemisiifolia","Terrestrial",0,"Sweden","Country",2011,2011,1061784.16,"Observed","Extrapolation","Health","Damage","High","Plants","SE",13.8754612209568,267
2010,"SC1034","Ascomycota","Dothistroma","Dothistroma septosporum","Terrestrial",1,"United Kingdom","Country",2010,2010,1313131.17,"Observed","Report/Estimation","Forestry","Damage","High","Fungi/Microorganisms","GB",14.0879250492853,110
2011,"SC1047","Tracheophyta","Ambrosia","Ambrosia artemisiifolia","Terrestrial",0,"Switzerland","Country",2011,2011,1213467.61,"Observed","Extrapolation","Health","Damage","High","Plants","CH",14.008992612404,134
2011,"SC1067","Tracheophyta","Ambrosia","Ambrosia artemisiifolia","Terrestrial",0,"Serbia","Country",2011,2011,1365151.06,"Observed","Extrapolation","Health","Damage","High","Plants","RS",14.1267756471448,41
2011,"SC1082","Tracheophyta","Ambrosia","Ambrosia artemisiifolia","Terrestrial",0,"Belarus","Country",2011,2011,1516834.51,"Observed","Extrapolation","Agriculture","Damage","High","Plants","BY",14.2321361620701,0
2011,"SC1083","Tracheophyta","Ambrosia","Ambrosia artemisiifolia","Terrestrial",0,"Montenegro","Country",2011,2011,1516834.51,"Observed","Extrapolation","Agriculture","Damage","High","Plants","ME",14.2321361620701,28
2011,"SC1084","Tracheophyta","Ambrosia","Ambrosia artemisiifolia","Terrestrial",0,"Portugal","Country",2011,2011,1516834.51,"Observed","Extrapolation","Agriculture","Damage","High","Plants","PT",14.2321361620701,149
2004,"SC1108","Arthropoda","Procambarus","Procambarus clarkii","Aquatic",0,"Portugal","Country",2004,2004,1215267.47,"Observed","Extrapolation","Agriculture","Damage","High","Invertebrates","PT",14.0104747504472,30
2011,"SC1113","Tracheophyta","Ambrosia","Ambrosia artemisiifolia","Terrestrial",0,"Switzerland","Country",2011,2011,1668517.97,"Observed","Extrapolation","Health","Damage","High","Plants","CH",14.3274463472684,134
2010,"SC1116","Tracheophyta","Reynoutria","Reynoutria japonica","Terrestrial",1,"United Kingdom","Country",2010,2010,1938431.73,"Observed","Report/Estimation","Public and Social Welfare","Damage","High","Plants","GB",14.4773898175209,210
2011,"SC1125","Tracheophyta","Ambrosia","Ambrosia artemisiifolia","Terrestrial",0,"Slovenia","Country",2011,2011,1820201.42,"Observed","Extrapolation","Health","Damage","High","Plants","SI",14.4144577232591,111
2011,"SC1162","Tracheophyta","Ambrosia","Ambrosia artemisiifolia","Terrestrial",0,"Bulgaria","Country",2011,2011,2275251.77,"Observed","Extrapolation","Health","Damage","High","Plants","BG",14.6376012723758,10
2011,"SC1248","Tracheophyta","Ambrosia","Ambrosia artemisiifolia","Terrestrial",0,"North Macedonia","Country",2011,2011,4095453.19,"Observed","Extrapolation","Health","Damage","High","Plants","MK",15.2253879382546,0
2011,"SC1259","Tracheophyta","Ambrosia","Ambrosia artemisiifolia","Terrestrial",0,"Czechia","Country",2011,2011,4550503.54,"Observed","Extrapolation","Agriculture","Damage","High","Plants","CZ",15.3307484529357,128
2011,"SC1260","Tracheophyta","Ambrosia","Ambrosia artemisiifolia","Terrestrial",0,"Switzerland","Country",2011,2011,4550503.54,"Observed","Extrapolation","Agriculture","Damage","High","Plants","CH",15.3307484529357,134
2011,"SC1293","Tracheophyta","Ambrosia","Ambrosia artemisiifolia","Terrestrial",0,"Russian Federation","Country",2011,2011,5308920.8,"Observed","Extrapolation","Health","Damage","High","Plants","RU",15.4848991333909,91
2010,"SC1297","Mollusca","Crepidula","Crepidula porcellana","Aquatic",1,"United Kingdom","Country",2010,2010,6131419.37,"Observed","Report/Estimation","Fishery","Damage","High","Invertebrates","GB",15.6289368259714,0
2011,"SC1301","Tracheophyta","Ambrosia","Ambrosia artemisiifolia","Terrestrial",0,"Slovakia","Country",2011,2011,5460604.25,"Observed","Extrapolation","Health","Damage","High","Plants","SK",15.5130700100959,62
2018,"SC1304","Arthropoda","Tuta","Tuta absoluta","Terrestrial",0,"Ethiopia","Country",2018,2018,3611779.28,"Observed","Extrapolation","Agriculture","Damage","High","Invertebrates","ET",15.0997110842322,9
2011,"SC1307","Tracheophyta","Ambrosia","Ambrosia artemisiifolia","Terrestrial",0,"Ukraine","Country",2011,2011,5763971.15,"Observed","Extrapolation","Health","Damage","High","Plants","UA",15.5671372308843,97
2011,"SC1308","Tracheophyta","Ambrosia","Ambrosia artemisiifolia","Terrestrial",0,"Croatia","Country",2011,2011,5763971.15,"Observed","Extrapolation","Health","Damage","High","Plants","HR",15.5671372308843,38
1988,"SC1336","Tracheophyta","Pilosella","Pilosella sp.","Terrestrial",1,"New Zealand","Country",1988,1988,5974895.83,"Observed","Report/Estimation","Agriculture","Damage","High","Plants","NZ",15.6030772213202,70
2011,"SC1347","Tracheophyta","Ambrosia","Ambrosia artemisiifolia","Terrestrial",0,"Poland","Country",2011,2011,7129122.22,"Observed","Extrapolation","Health","Damage","High","Plants","PL",15.7796986740123,138
2011,"SC1352","Tracheophyta","Ambrosia","Ambrosia artemisiifolia","Terrestrial",0,"Slovenia","Country",2011,2011,7280805.67,"Observed","Extrapolation","Health","Damage","High","Plants","SI",15.8007520830056,111
2010,"SC1364","Chordata","Sciurus","Sciurus carolinensis","Terrestrial",1,"United Kingdom","Country",2010,2010,8907534.99,"Observed","Report/Estimation","Public and Social Welfare","Damage","High","Vertebrates","GB",16.0024081046048,274
2011,"SC1410","Tracheophyta","Ambrosia","Ambrosia artemisiifolia","Terrestrial",0,"Albania","Country",2011,2011,10617841.6,"Observed","Extrapolation","Agriculture","Damage","High","Plants","AL",16.1780463139508,0
2011,"SC1413","Tracheophyta","Ambrosia","Ambrosia artemisiifolia","Terrestrial",0,"Romania","Country",2011,2011,10921208.5,"Observed","Extrapolation","Health","Damage","High","Plants","RO",16.2062171906559,104
2018,"SC1420","Arthropoda","Tuta","Tuta absoluta","Terrestrial",0,"Malawi","Country",2018,2018,7516405.53,"Observed","Extrapolation","Agriculture","Damage","High","Invertebrates","MW",15.8325985936214,0
2011,"SC1435","Tracheophyta","Ambrosia","Ambrosia artemisiifolia","Terrestrial",0,"Serbia","Country",2011,2011,12438043.02,"Observed","Extrapolation","Health","Damage","High","Plants","RS",16.3362703193954,41
2018,"SC1454","Arthropoda","Tuta","Tuta absoluta","Terrestrial",0,"Zambia","Country",2018,2018,8492562.1,"Observed","Report/Estimation","Agriculture","Damage","High","Invertebrates","ZM",15.9547012913246,0
2011,"SC1459","Tracheophyta","Ambrosia","Ambrosia artemisiifolia","Terrestrial",0,"Italy","Country",2011,2011,13499827.18,"Observed","Extrapolation","Health","Damage","High","Plants","IT",16.4181874418452,113
2011,"SC1460","Tracheophyta","Ambrosia","Ambrosia artemisiifolia","Terrestrial",0,"Spain","Country",2011,2011,13651510.63,"Observed","Extrapolation","Agriculture","Damage","High","Plants","ES",16.4293607423364,95
2011,"SC1467","Tracheophyta","Ambrosia","Ambrosia artemisiifolia","Terrestrial",0,"Austria","Country",2011,2011,14258244.43,"Observed","Extrapolation","Health","Damage","High","Plants","AT",16.4728458538709,128
2011,"SC1496","Tracheophyta","Ambrosia","Ambrosia artemisiifolia","Terrestrial",0,"Poland","Country",2011,2011,16685179.66,"Observed","Extrapolation","Agriculture","Damage","High","Plants","PL",16.6300314378651,138
2011,"SC1505","Tracheophyta","Ambrosia","Ambrosia artemisiifolia","Terrestrial",0,"Germany","Country",2011,2011,17746963.82,"Observed","Extrapolation","Health","Damage","High","Plants","DE",16.6917250068602,178
2018,"SC1506","Arthropoda","Tuta","Tuta absoluta","Terrestrial",0,"Mali","Country",2018,2018,11421031.79,"Observed","Extrapolation","Agriculture","Damage","High","Invertebrates","ML",16.2509671074979,0
2011,"SC1511","Tracheophyta","Ambrosia","Ambrosia artemisiifolia","Terrestrial",0,"Slovenia","Country",2011,2011,18202014.17,"Observed","Extrapolation","Agriculture","Damage","High","Plants","SI",16.717042814605,111
2018,"SC1518","Arthropoda","Tuta","Tuta absoluta","Terrestrial",0,"Senegal","Country",2018,2018,12201957.04,"Observed","Extrapolation","Agriculture","Damage","High","Invertebrates","SN",16.3171069099534,4
2011,"SC1534","Tracheophyta","Ambrosia","Ambrosia artemisiifolia","Terrestrial",0,"Bosnia and Herzegovina","Country",2011,2011,21083999.75,"Observed","Extrapolation","Health","Damage","High","Plants","BA",16.8640250050999,0
2002,"SC1546","Chlorophyta","Codium","Codium fragile","Aquatic",0,"Canada","Country",2002,2002,12567279.35,"Observed","Extrapolation","Fishery","Damage","High","Fungi/Microorganisms","CA",16.3466071172036,104
2010,"SC1557","Arthropoda","Varroa","Varroa destructor","Terrestrial",1,"United Kingdom","Country",2010,2010,27512224.1,"Observed","Report/Estimation","Agriculture","Damage","High","Invertebrates","GB",17.1301409765976,18
2011,"SC1568","Tracheophyta","Ambrosia","Ambrosia artemisiifolia","Terrestrial",0,"Greece","Country",2011,2011,25786186.74,"Observed","Extrapolation","Agriculture","Damage","High","Plants","GR",17.0653495088409,0
2011,"SC1574","Tracheophyta","Ambrosia","Ambrosia artemisiifolia","Terrestrial",0,"Austria","Country",2011,2011,26999654.35,"Observed","Extrapolation","Health","Damage","High","Plants","AT",17.1113346220348,128
2011,"SC1591","Tracheophyta","Ambrosia","Ambrosia artemisiifolia","Terrestrial",0,"Slovakia","Country",2011,2011,29881639.93,"Observed","Extrapolation","Health","Damage","High","Plants","SK",17.2127548005916,62
2018,"SC1602","Arthropoda","Tuta","Tuta absoluta","Terrestrial",0,"Rwanda","Country",2018,2018,20011209.54,"Observed","Extrapolation","Agriculture","Damage","High","Invertebrates","RW",16.8118031515097,0
2009,"SC1610","Chordata","Rattus","Rattus sp.","Terrestrial",0,"United States","Country",2009,2009,24135972.26,"Observed","Report/Estimation","Agriculture","Damage","High","Vertebrates","US",16.9992139104999,158
2011,"SC1613","Tracheophyta","Ambrosia","Ambrosia artemisiifolia","Terrestrial",0,"Germany","Country",2011,2011,33066992.41,"Observed","Extrapolation","Health","Damage","High","Plants","DE",17.3140461346473,178
2011,"SC1622","Tracheophyta","Ambrosia","Ambrosia artemisiifolia","Terrestrial",0,"France","Country",2011,2011,36252344.89,"Observed","Extrapolation","Health","Damage","High","Plants","FR",17.4060146237936,247
2011,"SC1634","Tracheophyta","Ambrosia","Ambrosia artemisiifolia","Terrestrial",0,"Italy","Country",2011,2011,38072546.31,"Observed","Extrapolation","Health","Damage","High","Plants","IT",17.4550040110708,113
2011,"SC1637","Tracheophyta","Ambrosia","Ambrosia artemisiifolia","Terrestrial",0,"Bulgaria","Country",2011,2011,39134330.47,"Observed","Extrapolation","Health","Damage","High","Plants","BG",17.4825106568596,10
2011,"SC1670","Tracheophyta","Ambrosia","Ambrosia artemisiifolia","Terrestrial",0,"Croatia","Country",2011,2011,46263452.69,"Observed","Extrapolation","Health","Damage","High","Plants","HR",17.6498628486015,38
2018,"SC1682","Arthropoda","Tuta","Tuta absoluta","Terrestrial",0,"Tanzania, United Republic of","Country",2018,2018,31627472.64,"Observed","Extrapolation","Agriculture","Damage","High","Invertebrates","TZ",17.2695366882006,9
2011,"SC1689","Tracheophyta","Ambrosia","Ambrosia artemisiifolia","Terrestrial",0,"Germany","Country",2011,2011,51572373.49,"Observed","Extrapolation","Agriculture","Damage","High","Plants","DE",17.7584966895948,178
2011,"SC1694","Tracheophyta","Ambrosia","Ambrosia artemisiifolia","Terrestrial",0,"Serbia","Country",2011,2011,54606042.51,"Observed","Extrapolation","Health","Damage","High","Plants","RS",17.8156551032731,41
2018,"SC1702","Arthropoda","Tuta","Tuta absoluta","Terrestrial",0,"Niger","Country",2018,2018,37093949.39,"Observed","Extrapolation","Agriculture","Damage","High","Invertebrates","NE",17.4289644250588,4
2018,"SC1711","Arthropoda","Tuta","Tuta absoluta","Terrestrial",0,"Benin","Country",2018,2018,40705728.67,"Observed","Extrapolation","Agriculture","Damage","High","Invertebrates","BJ",17.5218793940706,0
2006,"SC1713","Chordata","Styela","Styela clava","Aquatic",0,"Canada","Country",2006,2006,45574613.19,"Observed","Extrapolation","Fishery","Damage","High","Vertebrates","CA",17.6348613911644,12
2011,"SC1717","Tracheophyta","Ambrosia","Ambrosia artemisiifolia","Terrestrial",0,"Moldova, Republic of","Country",2011,2011,65830617.92,"Observed","Extrapolation","Health","Damage","High","Plants","MD",18.0025956060019,44
2011,"SC1758","Tracheophyta","Ambrosia","Ambrosia artemisiifolia","Terrestrial",0,"France","Country",2011,2011,82364114.13,"Observed","Extrapolation","Health","Damage","High","Plants","FR",18.2266603918874,247
2011,"SC1763","Tracheophyta","Ambrosia","Ambrosia artemisiifolia","Terrestrial",0,"Austria","Country",2011,2011,84942732.8,"Observed","Extrapolation","Agriculture","Damage","High","Plants","AT",18.2574878556307,128
2011,"SC1766","Tracheophyta","Ambrosia","Ambrosia artemisiifolia","Terrestrial",0,"Russian Federation","Country",2011,2011,86611250.77,"Observed","Extrapolation","Health","Damage","High","Plants","RU",18.2769402816069,91
2000,"SC1768","Arthropoda","Carcinus","Carcinus maenas","Aquatic",0,"Canada","Country",2000,2000,55111088.06,"Observed","Extrapolation","Fishery","Damage","High","Invertebrates","CA",17.8248614890868,50
2018,"SC1773","Arthropoda","Tuta","Tuta absoluta","Terrestrial",0,"Kenya","Country",2018,2018,57886084.18,"Observed","Report/Estimation","Agriculture","Damage","High","Invertebrates","KE",17.873987571342,9
2018,"SC1774","Arthropoda","Tuta","Tuta absoluta","Terrestrial",0,"Mozambique","Country",2018,2018,58178931.15,"Observed","Extrapolation","Agriculture","Damage","High","Invertebrates","MZ",17.8790338394291,0
2011,"SC1782","Tracheophyta","Ambrosia","Ambrosia artemisiifolia","Terrestrial",0,"Türkiye","Country",2011,2011,97077408.91,"Observed","Extrapolation","Agriculture","Damage","High","Plants","TR",18.391019248211,23
2011,"SC1799","Tracheophyta","Ambrosia","Ambrosia artemisiifolia","Terrestrial",0,"Bosnia and Herzegovina","Country",2011,2011,110728919.54,"Observed","Extrapolation","Agriculture","Damage","High","Plants","BA",18.5225956060181,0
2001,"SC1800","Chytridiomycota","Synchytrium","Synchytrium endobioticum","Terrestrial",0,"Canada","Country",2001,2001,65550432.31,"Observed","Report/Estimation","Agriculture","Damage","High","Fungi/Microorganisms","CA",17.9983303632705,92
2011,"SC1805","Tracheophyta","Ambrosia","Ambrosia artemisiifolia","Terrestrial",0,"Hungary","Country",2011,2011,114976056.18,"Observed","Extrapolation","Health","Damage","High","Plants","HU",18.560234457519,104
2011,"SC1806","Tracheophyta","Ambrosia","Ambrosia artemisiifolia","Terrestrial",0,"Slovakia","Country",2011,2011,115279423.09,"Observed","Extrapolation","Agriculture","Damage","High","Plants","SK",18.562869505219,62
2018,"SC1814","Arthropoda","Spodoptera","Spodoptera frugiperda","Terrestrial",0,"Zimbabwe","Country",2018,2018,81020994.72,"Observed","Extrapolation","Agriculture","Damage","High","Invertebrates","ZW",18.2102188731258,1
2018,"SC1815","Arthropoda","Spodoptera","Spodoptera frugiperda","Terrestrial",0,"Mozambique","Country",2018,2018,83070923.5,"Observed","Extrapolation","Agriculture","Damage","High","Invertebrates","MZ",18.2352053008836,1
2011,"SC1821","Tracheophyta","Ambrosia","Ambrosia artemisiifolia","Terrestrial",0,"Croatia","Country",2011,2011,133481437.26,"Observed","Extrapolation","Agriculture","Damage","High","Plants","HR",18.7094729793951,38
2018,"SC1828","Arthropoda","Spodoptera","Spodoptera frugiperda","Terrestrial",0,"Congo, The Democratic Republic of the","Country",2018,2018,90099250.75,"Observed","Extrapolation","Agriculture","Damage","High","Invertebrates","CD",18.3164224067837,1
2011,"SC1830","Tracheophyta","Ambrosia","Ambrosia artemisiifolia","Terrestrial",0,"Hungary","Country",2011,2011,141368976.73,"Observed","Extrapolation","Health","Damage","High","Plants","HU",18.7668838865769,104
2011,"SC1846","Tracheophyta","Ambrosia","Ambrosia artemisiifolia","Terrestrial",0,"Romania","Country",2011,2011,157902472.94,"Observed","Extrapolation","Health","Damage","High","Plants","RO",18.8774881405345,104
2011,"SC1851","Tracheophyta","Ambrosia","Ambrosia artemisiifolia","Terrestrial",0,"Moldova, Republic of","Country",2011,2011,166851796.57,"Observed","Extrapolation","Agriculture","Damage","High","Plants","MD",18.9326165306794,44
2018,"SC1860","Arthropoda","Spodoptera","Spodoptera frugiperda","Terrestrial",0,"Benin","Country",2018,2018,118407791.07,"Observed","Extrapolation","Agriculture","Damage","High","Invertebrates","BJ",18.5896450812053,1
1980,"SC1878","Chordata","Petromyzon","Petromyzon marinus","Aquatic",0,"Canada","Country",1980,1980,349792739.65,"Observed","Extrapolation","Fishery","Damage","High","Vertebrates","CA",19.6728513646158,149
2018,"SC1895","Arthropoda","Spodoptera","Spodoptera frugiperda","Terrestrial",0,"Zambia","Country",2018,2018,155501740.46,"Observed","Report/Estimation","Agriculture","Damage","High","Invertebrates","ZM",18.8621674821897,1
2011,"SC1905","Tracheophyta","Ambrosia","Ambrosia artemisiifolia","Terrestrial",0,"Ukraine","Country",2011,2011,256193349.46,"Observed","Extrapolation","Health","Damage","High","Plants","UA",19.3614429886981,97
2011,"SC1906","Tracheophyta","Ambrosia","Ambrosia artemisiifolia","Terrestrial",0,"France","Country",2011,2011,257861867.43,"Observed","Extrapolation","Agriculture","Damage","High","Plants","FR",19.3679346019513,247
2011,"SC1910","Tracheophyta","Ambrosia","Ambrosia artemisiifolia","Terrestrial",0,"Bulgaria","Country",2011,2011,265446040,"Observed","Extrapolation","Agriculture","Damage","High","Plants","BG",19.396922138819,10
2018,"SC1912","Arthropoda","Spodoptera","Spodoptera frugiperda","Terrestrial",0,"Ghana","Country",2018,2018,173072558.59,"Observed","Report/Estimation","Agriculture","Damage","High","Invertebrates","GH",18.9692214783477,1
2018,"SC1916","Arthropoda","Spodoptera","Spodoptera frugiperda","Terrestrial",0,"Cameroon","Country",2018,2018,177855725.75,"Observed","Extrapolation","Agriculture","Damage","High","Invertebrates","CM",18.9964832501053,1
2011,"SC1919","Tracheophyta","Ambrosia","Ambrosia artemisiifolia","Terrestrial",0,"Italy","Country",2011,2011,288198557.71,"Observed","Extrapolation","Agriculture","Damage","High","Plants","IT",19.4791602370411,113
2018,"SC1922","Arthropoda","Spodoptera","Spodoptera frugiperda","Terrestrial",0,"Uganda","Country",2018,2018,193767077.72,"Observed","Extrapolation","Agriculture","Damage","High","Invertebrates","UG",19.0821673653843,2
2011,"SC1924","Tracheophyta","Ambrosia","Ambrosia artemisiifolia","Terrestrial",0,"Russian Federation","Country",2011,2011,307917406.4,"Observed","Extrapolation","Agriculture","Damage","High","Plants","RU",19.5453421439373,91
2001,"SC1929","Chytridiomycota","Synchytrium","Synchytrium endobioticum","Terrestrial",0,"Canada","Country",2001,2001,193058268.04,"Observed","Extrapolation","Agriculture","Damage","High","Fungi/Microorganisms","CA",19.0785026082474,92
2009,"SC1935","Chordata","Rattus","Rattus sp.","Terrestrial",0,"United States","Country",2009,2009,260714039.94,"Observed","Report/Estimation","Authorities-Stakeholders","Damage","High","Vertebrates","US",19.3789347322292,158
2018,"SC1950","Arthropoda","Spodoptera","Spodoptera frugiperda","Terrestrial",0,"Malawi","Country",2018,2018,247455688.68,"Observed","Extrapolation","Agriculture","Damage","High","Invertebrates","MW",19.3267420883079,1
2011,"SC1979","Tracheophyta","Ambrosia","Ambrosia artemisiifolia","Terrestrial",0,"Serbia","Country",2011,2011,514206900.34,"Observed","Extrapolation","Agriculture","Damage","High","Plants","RS",20.0581362722704,41
2018,"SC1985","Arthropoda","Spodoptera","Spodoptera frugiperda","Terrestrial",0,"Ethiopia","Country",2018,2018,342630953.56,"Observed","Extrapolation","Agriculture","Damage","High","Invertebrates","ET",19.6521644887515,1
2018,"SC1999","Arthropoda","Spodoptera","Spodoptera frugiperda","Terrestrial",0,"Tanzania, United Republic of","Country",2018,2018,389584084.23,"Observed","Extrapolation","Agriculture","Damage","High","Invertebrates","TZ",19.7805902773325,1
2011,"SC2004","Tracheophyta","Ambrosia","Ambrosia artemisiifolia","Terrestrial",0,"Hungary","Country",2011,2011,661339848.23,"Observed","Extrapolation","Agriculture","Damage","High","Plants","HU",20.3097784082467,104
2018,"SC2008","Arthropoda","Tuta","Tuta absoluta","Terrestrial",0,"Nigeria","Country",2018,2018,483880808.2,"Observed","Extrapolation","Agriculture","Damage","High","Invertebrates","NG",19.9973491703033,0
2011,"SC2022","Tracheophyta","Ambrosia","Ambrosia artemisiifolia","Terrestrial",0,"Romania","Country",2011,2011,996560275.88,"Observed","Extrapolation","Agriculture","Damage","High","Plants","RO",20.7198201833744,104
2018,"SC2033","Arthropoda","Spodoptera","Spodoptera frugiperda","Terrestrial",0,"Nigeria","Country",2018,2018,856674999.55,"Observed","Extrapolation","Agriculture","Damage","High","Invertebrates","NG",20.5685691742393,2
2006,"SC2283","Proteobacteria","Aeromonas","Aeromonas salmonicida","Aquatic",0,"Sweden","Country",2006,2006,329596.14,"Observed","Report/Estimation","Fishery","Damage","High","Fungi/Microorganisms","SE",12.7056233657838,21
2006,"SC2290","Tracheophyta","Artemisia","Artemisia vulgaris","Terrestrial",0,"Sweden","Country",2006,2006,11041470.58,"Observed","Report/Estimation","Health","Damage","High","Plants","SE",16.2171687946524,257
2006,"SC2291","Tracheophyta","Ambrosia","Ambrosia artemisiifolia","Terrestrial",0,"Sweden","Country",2006,2006,3048764.26,"Observed","Report/Estimation","Health","Damage","High","Plants","SE",14.9302469058281,262
2006,"SC2294","Ascomycota","Ophiostoma","Ophiostoma ulmi","Terrestrial",0,"Sweden","Country",2006,2006,169906808.45,"Observed","Report/Estimation","Forestry","Damage","High","Fungi/Microorganisms","SE",18.9507606591176,19
2011,"SC2346","Tracheophyta","Ambrosia","Ambrosia artemisiifolia","Terrestrial",0,"Czechia","Country",2011,2011,1668517.97,"Observed","Extrapolation","Health","Damage","High","Plants","CZ",14.3274463472684,128
2010,"SC2401","Arthropoda","Dendroctonus","Dendroctonus micans","Terrestrial",1,"United Kingdom","Country",2010,2010,196493.75,"Observed","Report/Estimation","Forestry","Damage","High","Invertebrates","GB",12.1883859031698,37
2000,"SC23_India15","Arthropoda","Hypothenemus","Hypothenemus hampei","Terrestrial",0,"India","Country",2000,2000,3810652.96,"Observed","Report/Estimation","Agriculture","Damage","High","Invertebrates","IN",15.1533111129963,0
2018,"SC2700","Arthropoda","Cochliomyia","Cochliomyia hominivorax","Terrestrial",0,"Australia","Country",2018,2018,364669644.33,"Observed","Report/Estimation","Agriculture","Damage","High","Invertebrates","AU",19.7145024176835,24
1978,"SC2718","Chordata","Psittacula","Psittacula krameri","Terrestrial",0,"Pakistan","Country",1978,1978,56363726.37,"Observed","Report/Estimation","Agriculture","Damage","High","Vertebrates","PK",17.8473363600909,60
2017,"SC2868","Tracheophyta","Prosopis","Prosopis sp.","Terrestrial",0,"Namibia","Country",2017,2017,2.06e+08,"Observed","Report/Estimation","Agriculture","Damage","High","Plants","NA",19.1433867267539,0
2003,"SC3171","Chordata","Camelus","Camelus dromedarius","Terrestrial",0,"Australia","Country",2003,2003,41331.89,"Observed","Report/Estimation","Agriculture","Damage","High","Vertebrates","AU",10.6293896359545,134
2003,"SC3172","Chordata","Camelus","Camelus dromedarius","Terrestrial",0,"Australia","Country",2003,2003,132262.06,"Observed","Report/Estimation","Agriculture","Damage","High","Vertebrates","AU",11.7925405364892,134
2003,"SC3186","Chordata","Capra","Capra hircus","Terrestrial",0,"Australia","Country",2003,2003,1529280.06,"Observed","Report/Estimation","Agriculture","Damage","High","Vertebrates","AU",14.2403076336061,215
2003,"SC3187","Chordata","Capra","Capra hircus","Terrestrial",0,"Australia","Country",2003,2003,1975664.52,"Observed","Report/Estimation","Agriculture","Damage","High","Vertebrates","AU",14.4964153655482,215
2003,"SC3188","Chordata","Capra","Capra hircus","Terrestrial",0,"Australia","Country",2003,2003,3496678.2,"Observed","Report/Estimation","Agriculture","Damage","High","Vertebrates","AU",15.0673239900783,215
2006,"SC3289","Chordata","Camelus","Camelus dromedarius","Terrestrial",0,"Australia","Country",2006,2006,5533406.95,"Observed","Report/Estimation","Public and Social Welfare","Damage","High","Vertebrates","AU",15.526314268787,137
2008,"SC3290","Chordata","Camelus","Camelus dromedarius","Terrestrial",0,"Australia","Country",2008,2008,2098878.5,"Observed","Report/Estimation","Public and Social Welfare","Damage","High","Vertebrates","AU",14.5569137124204,139
2019,"SC4125","Chordata","Felis","Felis catus","Terrestrial",0,"Australia","Country",2019,2019,6645121.56,"Observed","Extrapolation","Agriculture","Damage","High","Vertebrates","AU",15.7093935434159,231
1970,"SC4151","Tracheophyta","Parthenium","Parthenium hysterophorus","Terrestrial",0,"Australia","Country",1970,1970,118793839.5,"Observed","Report/Estimation","Agriculture","Damage","High","Plants","AU",18.5929001074876,20
2000,"SC4152","Tracheophyta","Parthenium","Parthenium hysterophorus","Terrestrial",0,"Australia","Country",2000,2000,56944068.8,"Observed","Report/Estimation","Agriculture","Damage","High","Plants","AU",17.8575800949359,50
1990,"SC4153","Tracheophyta","Parthenium","Parthenium hysterophorus","Terrestrial",0,"Australia","Country",1990,1990,417366.33,"Observed","Report/Estimation","Agriculture","Damage","High","Plants","AU",12.9417196043438,40
2015,"SC4251","Arthropoda","Bactrocera","Bactrocera tryoni","Terrestrial",0,"Australia","Country",2015,2015,116541945.99,"Observed","Extrapolation","Agriculture","Damage","High","Invertebrates","AU",18.5737618175834,115
2005,"SC4258","Tracheophyta","Ambrosia","Ambrosia artemisiifolia","Terrestrial",0,"Australia","Country",2005,2005,8051502.37,"Observed","Report/Estimation","Health","Damage","High","Plants","AU",15.9013692617952,108
2006,"SC4263","Tracheophyta","Carduus","Carduus platypus","Terrestrial",0,"Australia","Country",2006,2006,8434907.25,"Observed","Report/Estimation","Agriculture","Damage","High","Plants","AU",15.9478892780511,20
2006,"SC4264","Tracheophyta","Carduus","Carduus platypus","Terrestrial",0,"Australia","Country",2006,2006,2587982.91,"Observed","Report/Estimation","Agriculture","Damage","High","Plants","AU",14.7663893310263,20
2000,"SC4270","Tracheophyta","Chondrilla","Chondrilla juncea","Terrestrial",0,"Australia","Country",2000,2000,239330144.23,"Observed","Report/Estimation","Agriculture","Damage","High","Plants","AU",19.2933545133113,103
1991,"SC4275","Tracheophyta","Cryptostegia","Cryptostegia grandiflora","Terrestrial",0,"Australia","Country",1991,1991,11215923.33,"Observed","Report/Estimation","Agriculture","Damage","High","Plants","AU",16.2328450524628,116
2001,"SC4276","Tracheophyta","Cryptostegia","Cryptostegia grandiflora","Terrestrial",0,"Australia","Country",2001,2001,13102706.92,"Observed","Report/Estimation","Agriculture","Damage","High","Plants","AU",16.3883294019398,126
2006,"SC4312","Tracheophyta","Lantana","Lantana camara","Terrestrial",0,"Australia","Country",2006,2006,22237482.74,"Observed","Report/Estimation","Agriculture","Damage","High","Plants","AU",16.9172898347895,145
2006,"SC4313","Tracheophyta","Lantana","Lantana camara","Terrestrial",0,"Australia","Country",2006,2006,1150214.62,"Observed","Report/Estimation","Agriculture","Damage","High","Plants","AU",13.9554591090139,145
2006,"SC4315","Tracheophyta","Marrubium","Marrubium vulgare","Terrestrial",0,"Australia","Country",2006,2006,1101225.61,"Observed","Report/Estimation","Agriculture","Damage","High","Plants","AU",13.9119343084277,236
2001,"SC4318","Tracheophyta","Marrubium","Marrubium vulgare","Terrestrial",0,"Australia","Country",2001,2001,837714.05,"Observed","Report/Estimation","Agriculture","Damage","High","Plants","AU",13.6384320921154,231
2006,"SC4319","Tracheophyta","Marrubium","Marrubium vulgare","Terrestrial",0,"Australia","Country",2006,2006,42174.54,"Observed","Report/Estimation","Agriculture","Damage","High","Plants","AU",10.6495720004193,236
1988,"SC4320","Tracheophyta","Mimosa","Mimosa diplotricha","Terrestrial",0,"Australia","Country",1988,1988,5344183.09,"Observed","Report/Estimation","Agriculture","Damage","High","Plants","AU",15.491519254465,44
2017,"SC4326","Tracheophyta","Onopordum","Onopordum sp.","Terrestrial",0,"Australia","Country",2017,2017,5671549.49,"Observed","Report/Estimation","Agriculture","Damage","High","Plants","AU",15.5509729170297,29
2006,"SC4334","Tracheophyta","Parthenium","Parthenium hysterophorus","Terrestrial",0,"Australia","Country",2006,2006,654663.82,"Observed","Report/Estimation","Agriculture","Damage","High","Plants","AU",13.3918771309501,56
2006,"SC4335","Tracheophyta","Parthenium","Parthenium hysterophorus","Terrestrial",0,"Australia","Country",2006,2006,7668097.5,"Observed","Report/Estimation","Health","Damage","High","Plants","AU",15.8525790982468,56
2006,"SC4336","Tracheophyta","Prosopis","Prosopis sp.","Terrestrial",0,"Australia","Country",2006,2006,19170.24,"Observed","Report/Estimation","Health","Damage","High","Plants","AU",9.86111435552314,14
1992,"SC4372","Tracheophyta","Xanthium","Xanthium chinense","Terrestrial",0,"Australia","Country",1992,1992,1539518.95,"Observed","Report/Estimation","Agriculture","Damage","High","Plants","AU",14.2469805554622,62
2006,"NO1_1","Arthropoda","Frankliniella","Frankliniella occidentalis","Terrestrial",0,"Norway","Country",2006,2006,96502686.5,"Observed","Report/Estimation","Agriculture","Damage","High","Invertebrates","NO",18.3850814052999,18
2006,"NO1_3","Oomycota","Phytophthora","Phytophthora infestans","Terrestrial",0,"Norway","Country",2006,2006,1801130.69,"Observed","Report/Estimation","Agriculture","Damage","High","Fungi/Microorganisms","NO",14.4039251867669,78
1996,"1185","Arthropoda","Bactrocera","Bactrocera philippinensis","Terrestrial",0,"Australia","Country",1993,2012,5527133.73,"Observed","Report/Estimation","Agriculture","Damage","High","Invertebrates","AU",15.5251799262889,3
1948,"1439","Arthropoda","Lymantria","Lymantria dispar","Terrestrial",0,"United States","Country",1933,1952,272523.32,"Observed","Report/Estimation","Forestry","Damage","High","Invertebrates","US",12.5154794674055,79
1997,"178","Chordata","Myocastor","Myocastor coypus","Semi-aquatic",0,"Italy","Country",1995,2000,2888389.45,"Observed","Report/Estimation","Public and Social Welfare","Damage","High","Vertebrates","IT",14.8762096210113,37
2010,"2409","Arthropoda","Aedes","Aedes aegypti","Terrestrial",0,"United States","Country",2002,2010,20786606.01,"Observed","Report/Estimation","Public and Social Welfare","Damage","High","Invertebrates","US",16.849819395425,310
1997,"39","Chordata","Myocastor","Myocastor coypus","Semi-aquatic",0,"Italy","Country",1995,2000,252514.54,"Observed","Report/Estimation","Agriculture","Damage","High","Vertebrates","IT",12.4392241101981,37
1998,"704","Nematoda","Bursaphelenchus","Bursaphelenchus mucronatus","Terrestrial",0,"China","Country",1982,2002,19424777.38,"Observed","Report/Estimation","Forestry","Damage","High","Invertebrates","CN",16.7820599936633,18
1987,"723","Mollusca","Pomacea","Pomacea canaliculata","Aquatic",1,"Philippines","Country",1980,1990,138570754.02,"Observed","Report/Estimation","Agriculture","Damage","High","Invertebrates","PH",18.7468916124976,7
1989,"Cambra_9","Pisuviricota","Potyvirus","Plum pox virus","Terrestrial",1,"Japan","Country",1986,2006,9160255.45,"Observed","Report/Estimation","Agriculture","Damage","High","Fungi/Microorganisms","JP",16.030384623816,3
2010,"NE3194","Tracheophyta","Eichhornia","Eichhornia crassipes","Aquatic",0,"Colombia","Country",2010,2040,16329369.11,"Observed","Report/Estimation","Authorities-Stakeholders","Damage","High","Plants","CO",16.6084758303975,88
1996,"NE4586","Chordata","Ondatra","Ondatra zibethicus","Semi-aquatic",0,"Germany","Country",1996,1997,145348882.96,"Observed","Report/Estimation","Authorities-Stakeholders","Damage","High","Vertebrates","DE",18.7946474997659,82
2006,"NE4745","Chordata","Alopochen","Alopochen aegyptiaca","Terrestrial",0,"Netherlands","Country",2002,2009,79680.54,"Observed","Extrapolation","Agriculture","Damage","High","Vertebrates","NL",11.2857806693439,351
2000,"NE4760","Chordata","Paguma","Paguma larvata","Terrestrial",1,"Japan","Country",2000,2001,594398.4,"Observed","Report/Estimation","Agriculture","Damage","High","Vertebrates","JP",13.295305080592,200
2002,"NE4761","Chordata","Paguma","Paguma larvata","Terrestrial",1,"Japan","Country",2001,2002,979625.12,"Observed","Report/Estimation","Agriculture","Damage","High","Vertebrates","JP",13.794925246851,202
2002,"NE4762","Chordata","Paguma","Paguma larvata","Terrestrial",1,"Japan","Country",2002,2003,760762.68,"Observed","Report/Estimation","Agriculture","Damage","High","Vertebrates","JP",13.5420767353824,202
2003,"NE4763","Chordata","Paguma","Paguma larvata","Terrestrial",1,"Japan","Country",2003,2004,1873429.41,"Observed","Report/Estimation","Agriculture","Damage","High","Vertebrates","JP",14.4432812183635,203
2005,"NE4764","Chordata","Paguma","Paguma larvata","Terrestrial",1,"Japan","Country",2004,2005,2099060.65,"Observed","Report/Estimation","Agriculture","Damage","High","Vertebrates","JP",14.5570004930971,205
2006,"NE4765","Chordata","Paguma","Paguma larvata","Terrestrial",1,"Japan","Country",2005,2006,2083972.71,"Observed","Report/Estimation","Agriculture","Damage","High","Vertebrates","JP",14.5497865867601,206
2006,"NE4766","Chordata","Paguma","Paguma larvata","Terrestrial",1,"Japan","Country",2006,2007,2404673.55,"Observed","Report/Estimation","Agriculture","Damage","High","Vertebrates","JP",14.692924714263,206
2007,"NE4767","Chordata","Paguma","Paguma larvata","Terrestrial",1,"Japan","Country",2007,2008,2519936.77,"Observed","Report/Estimation","Agriculture","Damage","High","Vertebrates","JP",14.739744367903,207
2009,"NE4768","Chordata","Paguma","Paguma larvata","Terrestrial",1,"Japan","Country",2008,2009,3513736.95,"Observed","Report/Estimation","Agriculture","Damage","High","Vertebrates","JP",15.0721906872152,209
2010,"NE4769","Chordata","Paguma","Paguma larvata","Terrestrial",1,"Japan","Country",2009,2010,3895197.17,"Observed","Report/Estimation","Agriculture","Damage","High","Vertebrates","JP",15.1752548573151,210
2010,"NE4770","Chordata","Paguma","Paguma larvata","Terrestrial",1,"Japan","Country",2010,2011,4827889.89,"Observed","Report/Estimation","Agriculture","Damage","High","Vertebrates","JP",15.3899200543943,210
2011,"NE4771","Chordata","Paguma","Paguma larvata","Terrestrial",1,"Japan","Country",2011,2012,4615178.84,"Observed","Report/Estimation","Agriculture","Damage","High","Vertebrates","JP",15.3448611770642,211
2012,"NE4772","Chordata","Paguma","Paguma larvata","Terrestrial",1,"Japan","Country",2012,2013,5793681.08,"Observed","Report/Estimation","Agriculture","Damage","High","Vertebrates","JP",15.5722784126484,212
2014,"NE4773","Chordata","Paguma","Paguma larvata","Terrestrial",1,"Japan","Country",2013,2014,4732995.72,"Observed","Report/Estimation","Agriculture","Damage","High","Vertebrates","JP",15.3700689045989,214
2015,"NE4774","Chordata","Paguma","Paguma larvata","Terrestrial",1,"Japan","Country",2014,2015,4505414.54,"Observed","Report/Estimation","Agriculture","Damage","High","Vertebrates","JP",15.3207904625492,215
2015,"NE4775","Chordata","Paguma","Paguma larvata","Terrestrial",1,"Japan","Country",2015,2016,3716587.92,"Observed","Report/Estimation","Agriculture","Damage","High","Vertebrates","JP",15.1283165795339,215
2017,"NE4776","Chordata","Paguma","Paguma larvata","Terrestrial",1,"Japan","Country",2016,2017,4017880.49,"Observed","Report/Estimation","Agriculture","Damage","High","Vertebrates","JP",15.2062650802611,217
2017,"NE4777","Chordata","Paguma","Paguma larvata","Terrestrial",1,"Japan","Country",2017,2018,3717699.44,"Observed","Report/Estimation","Agriculture","Damage","High","Vertebrates","JP",15.128615604835,217
2000,"NE4778","Chordata","Procyon","Procyon lotor","Terrestrial",1,"Japan","Country",2000,2001,475518.72,"Observed","Report/Estimation","Agriculture","Damage","High","Vertebrates","JP",13.0721615292778,38
2002,"NE4779","Chordata","Procyon","Procyon lotor","Terrestrial",1,"Japan","Country",2001,2002,410075.63,"Observed","Report/Estimation","Agriculture","Damage","High","Vertebrates","JP",12.9240968850838,40
2002,"NE4780","Chordata","Procyon","Procyon lotor","Terrestrial",1,"Japan","Country",2002,2003,847706.99,"Observed","Report/Estimation","Agriculture","Damage","High","Vertebrates","JP",13.6502903244042,40
2003,"NE4781","Chordata","Procyon","Procyon lotor","Terrestrial",1,"Japan","Country",2003,2004,907981.13,"Observed","Report/Estimation","Agriculture","Damage","High","Vertebrates","JP",13.7189788754292,41
2004,"NE4782","Chordata","Procyon","Procyon lotor","Terrestrial",1,"Japan","Country",2004,2005,1547307.56,"Observed","Report/Estimation","Agriculture","Damage","High","Vertebrates","JP",14.2520269203962,42
2005,"NE4783","Chordata","Procyon","Procyon lotor","Terrestrial",1,"Japan","Country",2005,2006,1765113.5,"Observed","Report/Estimation","Agriculture","Damage","High","Vertebrates","JP",14.383725552231,43
2006,"NE4784","Chordata","Procyon","Procyon lotor","Terrestrial",1,"Japan","Country",2006,2007,1714636.79,"Observed","Report/Estimation","Agriculture","Damage","High","Vertebrates","JP",14.3547118318962,44
2008,"NE4785","Chordata","Procyon","Procyon lotor","Terrestrial",1,"Japan","Country",2007,2008,2118353.22,"Observed","Report/Estimation","Agriculture","Damage","High","Vertebrates","JP",14.5661495617771,46
2009,"NE4786","Chordata","Procyon","Procyon lotor","Terrestrial",1,"Japan","Country",2008,2009,2158910.48,"Observed","Report/Estimation","Agriculture","Damage","High","Vertebrates","JP",14.5851142449967,47
2010,"NE4787","Chordata","Procyon","Procyon lotor","Terrestrial",1,"Japan","Country",2009,2010,3406771.2,"Observed","Report/Estimation","Agriculture","Damage","High","Vertebrates","JP",15.0412755385325,48
2011,"NE4788","Chordata","Procyon","Procyon lotor","Terrestrial",1,"Japan","Country",2010,2011,4507738.04,"Observed","Report/Estimation","Agriculture","Damage","High","Vertebrates","JP",15.3213060424267,49
2012,"NE4789","Chordata","Procyon","Procyon lotor","Terrestrial",1,"Japan","Country",2011,2012,5229625.72,"Observed","Report/Estimation","Agriculture","Damage","High","Vertebrates","JP",15.4698502694267,50
2013,"NE4790","Chordata","Procyon","Procyon lotor","Terrestrial",1,"Japan","Country",2012,2013,4455648.5,"Observed","Report/Estimation","Agriculture","Damage","High","Vertebrates","JP",15.3096831750721,51
2013,"NE4791","Chordata","Procyon","Procyon lotor","Terrestrial",1,"Japan","Country",2013,2014,3654864.58,"Observed","Report/Estimation","Agriculture","Damage","High","Vertebrates","JP",15.111569599864,51
2014,"NE4792","Chordata","Procyon","Procyon lotor","Terrestrial",1,"Japan","Country",2014,2015,3264226.59,"Observed","Report/Estimation","Agriculture","Damage","High","Vertebrates","JP",14.9985334136125,52
2016,"NE4793","Chordata","Procyon","Procyon lotor","Terrestrial",1,"Japan","Country",2015,2016,2939094.81,"Observed","Report/Estimation","Agriculture","Damage","High","Vertebrates","JP",14.8936122041526,54
2017,"NE4794","Chordata","Procyon","Procyon lotor","Terrestrial",1,"Japan","Country",2016,2017,3154223.94,"Observed","Report/Estimation","Agriculture","Damage","High","Vertebrates","JP",14.964253045887,55
2017,"NE4795","Chordata","Procyon","Procyon lotor","Terrestrial",1,"Japan","Country",2017,2018,2915318.27,"Observed","Report/Estimation","Agriculture","Damage","High","Vertebrates","JP",14.8854895553401,55
2001,"NE4796","Chordata","Myocastor","Myocastor coypus","Terrestrial",1,"Japan","Country",2000,2001,1122752.54,"Observed","Report/Estimation","Agriculture","Damage","High","Vertebrates","JP",13.9312938532498,62
2002,"NE4797","Chordata","Myocastor","Myocastor coypus","Terrestrial",1,"Japan","Country",2001,2002,808760.27,"Observed","Report/Estimation","Agriculture","Damage","High","Vertebrates","JP",13.6032578233256,63
2003,"NE4798","Chordata","Myocastor","Myocastor coypus","Terrestrial",1,"Japan","Country",2002,2003,825970.91,"Observed","Report/Estimation","Agriculture","Damage","High","Vertebrates","JP",13.6243148339653,64
2004,"NE4799","Chordata","Myocastor","Myocastor coypus","Terrestrial",1,"Japan","Country",2003,2004,1034408.88,"Observed","Report/Estimation","Agriculture","Damage","High","Vertebrates","JP",13.8493406910897,65
2004,"NE4800","Chordata","Myocastor","Myocastor coypus","Terrestrial",1,"Japan","Country",2004,2005,1163479.33,"Observed","Report/Estimation","Agriculture","Damage","High","Vertebrates","JP",13.9669254962035,65
2006,"NE4801","Chordata","Myocastor","Myocastor coypus","Terrestrial",1,"Japan","Country",2005,2006,1104619.41,"Observed","Report/Estimation","Agriculture","Damage","High","Vertebrates","JP",13.9150114082666,67
2006,"NE4802","Chordata","Myocastor","Myocastor coypus","Terrestrial",1,"Japan","Country",2006,2007,1160516.36,"Observed","Report/Estimation","Agriculture","Damage","High","Vertebrates","JP",13.9643756019691,67
2007,"NE4803","Chordata","Myocastor","Myocastor coypus","Terrestrial",1,"Japan","Country",2007,2008,1244909,"Observed","Report/Estimation","Agriculture","Damage","High","Vertebrates","JP",14.0345729928401,68
2009,"NE4804","Chordata","Myocastor","Myocastor coypus","Terrestrial",1,"Japan","Country",2008,2009,1365841.32,"Observed","Report/Estimation","Agriculture","Damage","High","Vertebrates","JP",14.1272811483829,70
2009,"NE4805","Chordata","Myocastor","Myocastor coypus","Terrestrial",1,"Japan","Country",2009,2010,1379803.39,"Observed","Report/Estimation","Agriculture","Damage","High","Vertebrates","JP",14.1374515759689,70
2011,"NE4806","Chordata","Myocastor","Myocastor coypus","Terrestrial",1,"Japan","Country",2010,2011,1267801.32,"Observed","Report/Estimation","Agriculture","Damage","High","Vertebrates","JP",14.0527947140053,72
2012,"NE4807","Chordata","Myocastor","Myocastor coypus","Terrestrial",1,"Japan","Country",2011,2012,1529290.03,"Observed","Report/Estimation","Agriculture","Damage","High","Vertebrates","JP",14.2403141529924,73
2012,"NE4808","Chordata","Myocastor","Myocastor coypus","Terrestrial",1,"Japan","Country",2012,2013,1324652.26,"Observed","Report/Estimation","Agriculture","Damage","High","Vertebrates","JP",14.0966605376747,73
2013,"NE4809","Chordata","Myocastor","Myocastor coypus","Terrestrial",1,"Japan","Country",2013,2014,916411.47,"Observed","Report/Estimation","Agriculture","Damage","High","Vertebrates","JP",13.7282207458515,74
2015,"NE4810","Chordata","Myocastor","Myocastor coypus","Terrestrial",1,"Japan","Country",2014,2015,605934.28,"Observed","Report/Estimation","Agriculture","Damage","High","Vertebrates","JP",13.3145268103256,76
2015,"NE4811","Chordata","Myocastor","Myocastor coypus","Terrestrial",1,"Japan","Country",2015,2016,487001.18,"Observed","Report/Estimation","Agriculture","Damage","High","Vertebrates","JP",13.0960218250597,76
2017,"NE4812","Chordata","Myocastor","Myocastor coypus","Terrestrial",1,"Japan","Country",2016,2017,610192.13,"Observed","Report/Estimation","Agriculture","Damage","High","Vertebrates","JP",13.3215291537708,78
2017,"NE4813","Chordata","Myocastor","Myocastor coypus","Terrestrial",1,"Japan","Country",2017,2018,517090.09,"Observed","Report/Estimation","Agriculture","Damage","High","Vertebrates","JP",13.155972393629,78
2000,"NE4814","Chordata","Herpestes","Herpestes javanicus","Terrestrial",1,"Japan","Country",2000,2001,105670.83,"Observed","Report/Estimation","Agriculture","Damage","High","Vertebrates","JP",11.568084164046,90
2002,"NE4815","Chordata","Herpestes","Herpestes javanicus","Terrestrial",1,"Japan","Country",2001,2002,34172.97,"Observed","Report/Estimation","Agriculture","Damage","High","Vertebrates","JP",10.4391902596816,92
2003,"NE4817","Chordata","Herpestes","Herpestes javanicus","Terrestrial",1,"Japan","Country",2003,2004,11493.43,"Observed","Report/Estimation","Agriculture","Damage","High","Vertebrates","JP",9.349530846747,93
2010,"NE4819","Chordata","Herpestes","Herpestes javanicus","Terrestrial",1,"Japan","Country",2010,2011,25612.15,"Observed","Report/Estimation","Agriculture","Damage","High","Vertebrates","JP",10.1508221272512,100
2011,"NE4820","Chordata","Herpestes","Herpestes javanicus","Terrestrial",1,"Japan","Country",2011,2012,27308.75,"Observed","Report/Estimation","Agriculture","Damage","High","Vertebrates","JP",10.2149624426403,101
2001,"NE4823","Chordata","Callosciurus","Callosciurus erythraeus","Terrestrial",1,"Japan","Country",2001,2002,22781.98,"Observed","Report/Estimation","Agriculture","Damage","High","Vertebrates","JP",10.0337251515734,66
2003,"NE4825","Chordata","Callosciurus","Callosciurus erythraeus","Terrestrial",1,"Japan","Country",2003,2004,11493.43,"Observed","Report/Estimation","Agriculture","Damage","High","Vertebrates","JP",9.349530846747,68
2006,"NE4826","Chordata","Callosciurus","Callosciurus erythraeus","Terrestrial",1,"Japan","Country",2005,2006,22775.66,"Observed","Report/Estimation","Agriculture","Damage","High","Vertebrates","JP",10.0334477008521,71
2006,"NE4827","Chordata","Callosciurus","Callosciurus erythraeus","Terrestrial",1,"Japan","Country",2006,2007,146371.43,"Observed","Report/Estimation","Agriculture","Damage","High","Vertebrates","JP",11.8939027111918,71
2008,"NE4828","Chordata","Callosciurus","Callosciurus erythraeus","Terrestrial",1,"Japan","Country",2007,2008,60237.53,"Observed","Report/Estimation","Agriculture","Damage","High","Vertebrates","JP",11.0060508589771,73
2008,"NE4829","Chordata","Callosciurus","Callosciurus erythraeus","Terrestrial",1,"Japan","Country",2008,2009,66089.1,"Observed","Report/Estimation","Agriculture","Damage","High","Vertebrates","JP",11.0987591105779,73
2009,"NE4830","Chordata","Callosciurus","Callosciurus erythraeus","Terrestrial",1,"Japan","Country",2009,2010,97685.2,"Observed","Report/Estimation","Agriculture","Damage","High","Vertebrates","JP",11.4895053424209,74
2011,"NE4831","Chordata","Callosciurus","Callosciurus erythraeus","Terrestrial",1,"Japan","Country",2010,2011,76836.44,"Observed","Report/Estimation","Agriculture","Damage","High","Vertebrates","JP",11.2494342857728,76
2012,"NE4832","Chordata","Callosciurus","Callosciurus erythraeus","Terrestrial",1,"Japan","Country",2011,2012,122889.38,"Observed","Report/Estimation","Agriculture","Damage","High","Vertebrates","JP",11.7190398801036,77
2012,"NE4833","Chordata","Callosciurus","Callosciurus erythraeus","Terrestrial",1,"Japan","Country",2012,2013,93662.28,"Observed","Report/Estimation","Agriculture","Damage","High","Vertebrates","JP",11.4474508258109,77
2014,"NE4834","Chordata","Callosciurus","Callosciurus erythraeus","Terrestrial",1,"Japan","Country",2013,2014,43125.25,"Observed","Report/Estimation","Agriculture","Damage","High","Vertebrates","JP",10.6718639514183,79
2015,"NE4835","Chordata","Callosciurus","Callosciurus erythraeus","Terrestrial",1,"Japan","Country",2014,2015,58638.8,"Observed","Report/Estimation","Agriculture","Damage","High","Vertebrates","JP",10.9791518725039,80
2016,"NE4836","Chordata","Callosciurus","Callosciurus erythraeus","Terrestrial",1,"Japan","Country",2015,2016,102526.56,"Observed","Report/Estimation","Agriculture","Damage","High","Vertebrates","JP",11.5378771659455,81
2016,"NE4837","Chordata","Callosciurus","Callosciurus erythraeus","Terrestrial",1,"Japan","Country",2016,2017,37550.28,"Observed","Report/Estimation","Agriculture","Damage","High","Vertebrates","JP",10.5334361138888,81
2018,"NE4838","Chordata","Callosciurus","Callosciurus erythraeus","Terrestrial",1,"Japan","Country",2017,2018,17830.69,"Observed","Report/Estimation","Agriculture","Damage","High","Vertebrates","JP",9.78867640893062,83
2006,"NE4839","Chordata","Muntiacus","Muntiacus reevesi","Terrestrial",1,"Japan","Country",2005,2006,11387.83,"Observed","Report/Estimation","Agriculture","Damage","High","Vertebrates","JP",9.34030052029212,41
2008,"NE4842","Chordata","Muntiacus","Muntiacus reevesi","Terrestrial",1,"Japan","Country",2008,2009,22029.7,"Observed","Report/Estimation","Agriculture","Damage","High","Vertebrates","JP",10.0001468219097,43
2010,"NE4843","Chordata","Muntiacus","Muntiacus reevesi","Terrestrial",1,"Japan","Country",2009,2010,12210.65,"Observed","Report/Estimation","Agriculture","Damage","High","Vertebrates","JP",9.41006380074105,45
2011,"NE4844","Chordata","Muntiacus","Muntiacus reevesi","Terrestrial",1,"Japan","Country",2010,2011,25612.15,"Observed","Report/Estimation","Agriculture","Damage","High","Vertebrates","JP",10.1508221272512,46
2011,"NE4845","Chordata","Muntiacus","Muntiacus reevesi","Terrestrial",1,"Japan","Country",2011,2012,13654.38,"Observed","Report/Estimation","Agriculture","Damage","High","Vertebrates","JP",9.52181562826329,46
2012,"NE4846","Chordata","Muntiacus","Muntiacus reevesi","Terrestrial",1,"Japan","Country",2012,2013,13380.33,"Observed","Report/Estimation","Agriculture","Damage","High","Vertebrates","JP",9.50154099705521,47
2013,"NE4847","Chordata","Muntiacus","Muntiacus reevesi","Terrestrial",1,"Japan","Country",2013,2014,43125.25,"Observed","Report/Estimation","Agriculture","Damage","High","Vertebrates","JP",10.6718639514183,48
2014,"NE4848","Chordata","Muntiacus","Muntiacus reevesi","Terrestrial",1,"Japan","Country",2014,2015,48865.67,"Observed","Report/Estimation","Agriculture","Damage","High","Vertebrates","JP",10.7968303839242,49
2016,"NE4849","Chordata","Muntiacus","Muntiacus reevesi","Terrestrial",1,"Japan","Country",2015,2016,42719.4,"Observed","Report/Estimation","Agriculture","Damage","High","Vertebrates","JP",10.6624084285916,51
2017,"NE4850","Chordata","Muntiacus","Muntiacus reevesi","Terrestrial",1,"Japan","Country",2016,2017,28162.71,"Observed","Report/Estimation","Agriculture","Damage","High","Vertebrates","JP",10.2457540414371,52
2017,"NE4851","Chordata","Muntiacus","Muntiacus reevesi","Terrestrial",1,"Japan","Country",2017,2018,17830.69,"Observed","Report/Estimation","Agriculture","Damage","High","Vertebrates","JP",9.78867640893062,52
2015,"NE5035","Arthropoda","Vespa","Vespa velutina","Terrestrial",1,"Japan","Country",2015,2016,34175.52,"Observed","Report/Estimation","Authorities-Stakeholders","Damage","High","Invertebrates","JP",10.4392648772774,2
1999,"SC1389","Tracheophyta","Salvinia","Salvinia molesta","Aquatic",1,"Sri Lanka","Country",1987,2011,17876.65,"Observed","Extrapolation","Fishery","Damage","High","Plants","LK",9.79125067099442,31
1997,"SC1452","Tracheophyta","Salvinia","Salvinia molesta","Aquatic",1,"Sri Lanka","Country",1987,2011,25496.2,"Observed","Extrapolation","Health","Damage","High","Plants","LK",10.1462847004341,29
2004,"SC1896","Arthropoda","Listronotus","Listronotus bonariensis","Terrestrial",1,"New Zealand","Country",2003,2015,8744933.52,"Observed","Report/Estimation","Agriculture","Damage","High","Invertebrates","NZ",15.9839850643476,88
2011,"SC2023","Tracheophyta","Cirsium","Cirsium arvense","Terrestrial",1,"New Zealand","Country",2011,2012,487002491.1,"Observed","Extrapolation","Agriculture","Damage","High","Plants","NZ",20.0037797962289,131
2011,"SC2192","Arthropoda","Chilo","Chilo partellus","Terrestrial",0,"Ethiopia","Country",2009,2013,68682498.98,"Observed","Report/Estimation","Agriculture","Damage","High","Invertebrates","ET",18.045004979179,2
2013,"SC2193","Arthropoda","Chilo","Chilo partellus","Terrestrial",0,"Kenya","Country",2009,2013,47899021.59,"Observed","Report/Estimation","Agriculture","Damage","High","Invertebrates","KE",17.6846056360765,9
2010,"SC2194","Arthropoda","Chilo","Chilo partellus","Terrestrial",0,"Malawi","Country",2009,2013,124292343.87,"Observed","Report/Estimation","Agriculture","Damage","High","Invertebrates","MW",18.6381469606177,1
2013,"SC2195","Arthropoda","Chilo","Chilo partellus","Terrestrial",0,"Tanzania, United Republic of","Country",2009,2013,36971099.82,"Observed","Report/Estimation","Agriculture","Damage","High","Invertebrates","TZ",17.425647079456,4
2012,"SC2196","Arthropoda","Chilo","Chilo partellus","Terrestrial",0,"Uganda","Country",2009,2013,134250029.6,"Observed","Report/Estimation","Agriculture","Damage","High","Invertebrates","UG",18.7152145118374,3
2009,"SC2197","Pisuviricota","Maize","Maize lethal necrosis","Terrestrial",0,"Ethiopia","Country",2009,2013,144871561.04,"Observed","Report/Estimation","Agriculture","Damage","High","Fungi/Microorganisms","ET",18.7913581219136,0
2011,"SC2198","Pisuviricota","Maize","Maize lethal necrosis","Terrestrial",0,"Kenya","Country",2009,2013,136956477.51,"Observed","Report/Estimation","Agriculture","Damage","High","Fungi/Microorganisms","KE",18.7351737509119,2
2013,"SC2199","Pisuviricota","Maize","Maize lethal necrosis","Terrestrial",0,"Rwanda","Country",2009,2013,3012838.25,"Observed","Report/Estimation","Agriculture","Damage","High","Fungi/Microorganisms","RW",14.9183931326356,4
2013,"SC2200","Pisuviricota","Maize","Maize lethal necrosis","Terrestrial",0,"Tanzania, United Republic of","Country",2009,2013,21804778.49,"Observed","Report/Estimation","Agriculture","Damage","High","Fungi/Microorganisms","TZ",16.8976397005282,4
2012,"SC2201","Pisuviricota","Maize","Maize lethal necrosis","Terrestrial",0,"Uganda","Country",2009,2013,15268451.45,"Observed","Report/Estimation","Agriculture","Damage","High","Fungi/Microorganisms","UG",16.5412992607884,3
2009,"SC2202","Tracheophyta","Parthenium","Parthenium hysterophorus","Terrestrial",0,"Ethiopia","Country",2009,2013,60256764.9,"Observed","Report/Estimation","Agriculture","Damage","High","Plants","ET",17.91412540453,41
2012,"SC2203","Tracheophyta","Parthenium","Parthenium hysterophorus","Terrestrial",0,"Kenya","Country",2009,2013,5872481.33,"Observed","Report/Estimation","Agriculture","Damage","High","Plants","KE",15.5857878162849,3
2011,"SC2204","Tracheophyta","Parthenium","Parthenium hysterophorus","Terrestrial",0,"Tanzania, United Republic of","Country",2009,2013,663845.72,"Observed","Report/Estimation","Agriculture","Damage","High","Plants","TZ",13.4058050520637,2
2010,"SC2205","Tracheophyta","Parthenium","Parthenium hysterophorus","Terrestrial",0,"Uganda","Country",2009,2013,1276626.38,"Observed","Report/Estimation","Agriculture","Damage","High","Plants","UG",14.059731515855,2
2012,"SC2206","Arthropoda","Liriomyza","Liriomyza sp.","Terrestrial",0,"Kenya","Country",2009,2013,60512090.18,"Observed","Report/Estimation","Agriculture","Damage","High","Invertebrates","KE",17.9183537407221,3
2013,"SC2207","Arthropoda","Liriomyza","Liriomyza sp.","Terrestrial",0,"Tanzania, United Republic of","Country",2009,2013,55711975.01,"Observed","Report/Estimation","Agriculture","Damage","High","Invertebrates","TZ",17.8357056729931,4
2010,"SC2208","Arthropoda","Liriomyza","Liriomyza sp.","Terrestrial",0,"Uganda","Country",2009,2013,23796315.63,"Observed","Report/Estimation","Agriculture","Damage","High","Invertebrates","UG",16.9850413211959,1
2012,"SC2209","Arthropoda","Tuta","Tuta absoluta","Terrestrial",0,"Ethiopia","Country",2009,2013,2808578.03,"Observed","Report/Estimation","Agriculture","Damage","High","Invertebrates","ET",14.848188874083,3
2011,"SC2210","Arthropoda","Tuta","Tuta absoluta","Terrestrial",0,"Kenya","Country",2009,2013,50196949.07,"Observed","Report/Estimation","Agriculture","Damage","High","Invertebrates","KE",17.731464807317,2
2011,"SC2211","Arthropoda","Tuta","Tuta absoluta","Terrestrial",0,"Tanzania, United Republic of","Country",2009,2013,22264363.98,"Observed","Report/Estimation","Agriculture","Damage","High","Invertebrates","TZ",16.9184979304193,2
2010,"SC2212","Arthropoda","Tuta","Tuta absoluta","Terrestrial",0,"Uganda","Country",2009,2013,765975.83,"Observed","Report/Estimation","Agriculture","Damage","High","Invertebrates","UG",13.5489058947001,1
2004,"SC2523","Chordata","Pterois","Pterois volitans","Aquatic",1,"Jamaica","Country",1980,2018,291414.82,"Observed","Report/Estimation","Environment","Damage","High","Vertebrates","JM",12.5825030293773,24
2005,"SC3173","Chordata","Camelus","Camelus dromedarius","Terrestrial",0,"Australia","Country",2005,2007,335730.07,"Observed","Report/Estimation","Agriculture","Damage","High","Vertebrates","AU",12.724062752981,136
2005,"SC3174","Chordata","Camelus","Camelus dromedarius","Terrestrial",0,"Australia","Country",2005,2007,1053391.58,"Observed","Report/Estimation","Agriculture","Damage","High","Vertebrates","AU",13.8675255928345,136
2007,"SC3175","Chordata","Camelus","Camelus dromedarius","Terrestrial",0,"Australia","Country",2005,2007,409652.28,"Observed","Report/Estimation","Agriculture","Damage","High","Vertebrates","AU",12.9230639812813,138
2013,"SC3189","Chordata","Capra","Capra hircus","Terrestrial",0,"Australia","Country",2013,2014,3098103.68,"Observed","Report/Estimation","Agriculture","Damage","High","Vertebrates","AU",14.9463007661517,225
1980,"SC3225","Chordata","Sus","Sus scrofa","Terrestrial",0,"Australia","Country",1979,1980,99116364.75,"Observed","Report/Estimation","Agriculture","Damage","High","Vertebrates","AU",18.4118051193705,210
2013,"SC3228","Chordata","Sus","Sus scrofa","Terrestrial",0,"Australia","Country",2013,2014,2967704.54,"Observed","Report/Estimation","Agriculture","Damage","High","Vertebrates","AU",14.9032993297966,243
2006,"SC3292","Chordata","Camelus","Camelus dromedarius","Terrestrial",0,"Australia","Country",2005,2007,237167.11,"Observed","Report/Estimation","Agriculture","Damage","High","Vertebrates","AU",12.3765202771324,137
2005,"SC3294","Chordata","Camelus","Camelus dromedarius","Terrestrial",0,"Australia","Country",2005,2007,739222.16,"Observed","Report/Estimation","Agriculture","Damage","High","Vertebrates","AU",13.5133537772152,136
1977,"SC4269","Tracheophyta","Chondrilla","Chondrilla juncea","Terrestrial",0,"Australia","Country",1975,2000,107328128.38,"Observed","Report/Estimation","Agriculture","Damage","High","Plants","AU",18.4914013203107,80
2004,"SC4271","Tracheophyta","Chondrilla","Chondrilla juncea","Terrestrial",0,"Australia","Country",2004,2005,67095853.11,"Observed","Report/Estimation","Agriculture","Damage","High","Plants","AU",18.0216327983928,107
2005,"SC4272","Tracheophyta","Chondrilla","Chondrilla juncea","Terrestrial",0,"Australia","Country",2004,2005,10064377.97,"Observed","Report/Estimation","Agriculture","Damage","High","Plants","AU",16.1245128138546,108
1963,"SC4329","Tracheophyta","Opuntia","Opuntia sp.","Terrestrial",0,"Australia","Country",1947,2006,8991404.44,"Observed","Report/Estimation","Agriculture","Damage","High","Plants","AU",16.0117796167158,44
